populationLevel,conditionId,comparatorStrategy,nPairs,evacuationMeanDifferenceSeconds,evacuationSdDifferenceSeconds,evacuationMedianDifferenceSeconds,evacuationQ1DifferenceSeconds,evacuationQ3DifferenceSeconds,evacuationAdaptiveWins,evacuationTies,evacuationAdaptiveLosses,hazardMeanDifferencePersonSeconds,hazardSdDifferencePersonSeconds,hazardMedianDifferencePersonSeconds,hazardQ1DifferencePersonSeconds,hazardQ3DifferencePersonSeconds,hazardAdaptiveWins,hazardTies,hazardAdaptiveLosses
LOW,D0_BASELINE,NEAREST_EXIT,40,0,0,0,0,0,0,40,0,0,0,0,0,0,0,40,0
LOW,D0_BASELINE,STATIC_SHORTEST_PATH,40,0,0,0,0,0,0,40,0,0,0,0,0,0,0,40,0
LOW,D0_BASELINE,CONGESTION_AWARE,40,0,0,0,0,0,0,40,0,0,0,0,0,0,0,40,0
LOW,D0_BASELINE,HAZARD_AWARE,40,0,0,0,0,0,0,40,0,0,0,0,0,0,0,40,0
LOW,D1_HAZARD,NEAREST_EXIT,40,16.54125,6.833485,15.475,13.625,18.1625,0,0,40,-15.800852,4.662594,-14.769988,-16.606046,-13.489698,40,0,0
LOW,D1_HAZARD,STATIC_SHORTEST_PATH,40,16.54125,6.833485,15.475,13.625,18.1625,0,0,40,-15.800852,4.662594,-14.769988,-16.606046,-13.489698,40,0,0
LOW,D1_HAZARD,CONGESTION_AWARE,40,16.54125,6.833485,15.475,13.625,18.1625,0,0,40,-15.800852,4.662594,-14.769988,-16.606046,-13.489698,40,0,0
LOW,D1_HAZARD,HAZARD_AWARE,40,0,0,0,0,0,0,40,0,-0.00015,0.000534,0,0,0,3,37,0
LOW,D2_EXIT_BLOCK,NEAREST_EXIT,40,-0.0575,0.256092,0,0,0,2,38,0,0,0,0,0,0,0,40,0
LOW,D2_EXIT_BLOCK,STATIC_SHORTEST_PATH,40,0,0,0,0,0,0,40,0,0,0,0,0,0,0,40,0
LOW,D2_EXIT_BLOCK,CONGESTION_AWARE,40,-0.12875,0.199322,0,-0.3125,0,16,21,3,0,0,0,0,0,0,40,0
LOW,D2_EXIT_BLOCK,HAZARD_AWARE,40,0,0,0,0,0,0,40,0,0,0,0,0,0,0,40,0
LOW,D3_CORRIDOR_BLOCK,NEAREST_EXIT,40,0,0,0,0,0,0,40,0,0,0,0,0,0,0,40,0
LOW,D3_CORRIDOR_BLOCK,STATIC_SHORTEST_PATH,40,0,0,0,0,0,0,40,0,0,0,0,0,0,0,40,0
LOW,D3_CORRIDOR_BLOCK,CONGESTION_AWARE,40,0,0,0,0,0,0,40,0,0,0,0,0,0,0,40,0
LOW,D3_CORRIDOR_BLOCK,HAZARD_AWARE,40,0,0,0,0,0,0,40,0,0,0,0,0,0,0,40,0
LOW,D4_COMBINED,NEAREST_EXIT,40,34.49125,7.219035,33.3,30.275,38.6625,0,0,40,-34.840751,9.249879,-32.347994,-38.766407,-28.442086,40,0,0
LOW,D4_COMBINED,STATIC_SHORTEST_PATH,40,34.54875,7.325968,33.3,30.275,38.6625,0,0,40,-34.415197,8.833808,-32.347994,-38.328248,-28.442086,40,0,0
LOW,D4_COMBINED,CONGESTION_AWARE,40,34.42,7.344916,33.1,30.275,38.775,0,0,40,-28.548265,8.229962,-27.083025,-31.087821,-23.479516,40,0,0
LOW,D4_COMBINED,HAZARD_AWARE,40,-2.23125,8.248517,0,0,0,3,37,0,-1.25057,4.460799,0,0,0,3,37,0
LOW,D5_EXIT_BLOCK_WEST,NEAREST_EXIT,40,0.08875,0.16813,0,0,0.3,3,24,13,0,0,0,0,0,0,40,0
LOW,D5_EXIT_BLOCK_WEST,STATIC_SHORTEST_PATH,40,0.08875,0.16813,0,0,0.3,3,24,13,0,0,0,0,0,0,40,0
LOW,D5_EXIT_BLOCK_WEST,CONGESTION_AWARE,40,-0.06,0.301322,0,-0.3,0.15,15,11,14,0,0,0,0,0,0,40,0
LOW,D5_EXIT_BLOCK_WEST,HAZARD_AWARE,40,0.08875,0.16813,0,0,0.3,3,24,13,0,0,0,0,0,0,40,0
LOW,D6_CORRIDOR_BLOCK_EAST_SOUTHEAST,NEAREST_EXIT,40,-0.0075,0.047434,0,0,0,1,39,0,0,0,0,0,0,0,40,0
LOW,D6_CORRIDOR_BLOCK_EAST_SOUTHEAST,STATIC_SHORTEST_PATH,40,-0.0075,0.047434,0,0,0,1,39,0,0,0,0,0,0,0,40,0
LOW,D6_CORRIDOR_BLOCK_EAST_SOUTHEAST,CONGESTION_AWARE,40,0,0,0,0,0,0,40,0,0,0,0,0,0,0,40,0
LOW,D6_CORRIDOR_BLOCK_EAST_SOUTHEAST,HAZARD_AWARE,40,-0.0075,0.047434,0,0,0,1,39,0,0,0,0,0,0,0,40,0
MEDIUM,D0_BASELINE,NEAREST_EXIT,40,0,0,0,0,0,0,40,0,0,0,0,0,0,0,40,0
MEDIUM,D0_BASELINE,STATIC_SHORTEST_PATH,40,0,0,0,0,0,0,40,0,0,0,0,0,0,0,40,0
MEDIUM,D0_BASELINE,CONGESTION_AWARE,40,0,0,0,0,0,0,40,0,0,0,0,0,0,0,40,0
MEDIUM,D0_BASELINE,HAZARD_AWARE,40,0,0,0,0,0,0,40,0,0,0,0,0,0,0,40,0
MEDIUM,D1_HAZARD,NEAREST_EXIT,40,18.7975,12.975746,17.425,10.9125,22.8125,0,0,40,-48.308425,7.940849,-47.33852,-53.713239,-43.444754,40,0,0
MEDIUM,D1_HAZARD,STATIC_SHORTEST_PATH,40,18.7975,12.975746,17.425,10.9125,22.8125,0,0,40,-48.308425,7.940849,-47.33852,-53.713239,-43.444754,40,0,0
MEDIUM,D1_HAZARD,CONGESTION_AWARE,40,18.7975,12.975746,17.425,10.9125,22.8125,0,0,40,-48.216911,7.892851,-47.33852,-53.160527,-43.444754,40,0,0
MEDIUM,D1_HAZARD,HAZARD_AWARE,40,0,0,0,0,0,0,40,0,-0.043976,0.125482,0,-0.012543,0,15,24,1
MEDIUM,D2_EXIT_BLOCK,NEAREST_EXIT,40,-0.0825,0.297759,0,0,0,7,30,3,0,0,0,0,0,0,40,0
MEDIUM,D2_EXIT_BLOCK,STATIC_SHORTEST_PATH,40,0,0,0,0,0,0,40,0,0,0,0,0,0,0,40,0
MEDIUM,D2_EXIT_BLOCK,CONGESTION_AWARE,40,-0.075,0.166024,0,-0.15,0,11,24,5,0,0,0,0,0,0,40,0
MEDIUM,D2_EXIT_BLOCK,HAZARD_AWARE,40,0,0,0,0,0,0,40,0,0,0,0,0,0,0,40,0
MEDIUM,D3_CORRIDOR_BLOCK,NEAREST_EXIT,40,0,0,0,0,0,0,40,0,0,0,0,0,0,0,40,0
MEDIUM,D3_CORRIDOR_BLOCK,STATIC_SHORTEST_PATH,40,0,0,0,0,0,0,40,0,0,0,0,0,0,0,40,0
MEDIUM,D3_CORRIDOR_BLOCK,CONGESTION_AWARE,40,0,0,0,0,0,0,40,0,0,0,0,0,0,0,40,0
MEDIUM,D3_CORRIDOR_BLOCK,HAZARD_AWARE,40,0,0,0,0,0,0,40,0,0,0,0,0,0,0,40,0
MEDIUM,D4_COMBINED,NEAREST_EXIT,40,36.01375,9.276576,36.875,31.7125,40.975,0,0,40,-110.661803,17.70036,-108.859763,-118.275849,-100.960649,40,0,0
MEDIUM,D4_COMBINED,STATIC_SHORTEST_PATH,40,36.09625,9.378264,36.925,31.7125,41.475,0,0,40,-107.074464,16.049692,-103.997069,-116.626451,-99.436326,40,0,0
MEDIUM,D4_COMBINED,CONGESTION_AWARE,40,36.02125,9.36597,36.925,31.625,41.2375,0,0,40,-85.848071,14.665789,-84.260297,-94.945824,-77.54012,40,0,0
MEDIUM,D4_COMBINED,HAZARD_AWARE,40,-2.3925,7.414371,0,0,0,7,33,0,-5.685835,7.631561,0,-11.791342,0,16,24,0
MEDIUM,D5_EXIT_BLOCK_WEST,NEAREST_EXIT,40,0.16125,0.441368,0.3,0,0.3125,4,9,27,0,0,0,0,0,0,40,0
MEDIUM,D5_EXIT_BLOCK_WEST,STATIC_SHORTEST_PATH,40,0.16125,0.441368,0.3,0,0.3125,4,9,27,0,0,0,0,0,0,40,0
MEDIUM,D5_EXIT_BLOCK_WEST,CONGESTION_AWARE,40,0.19125,0.370531,0.1,0,0.4,6,12,22,0,0,0,0,0,0,40,0
MEDIUM,D5_EXIT_BLOCK_WEST,HAZARD_AWARE,40,0.16125,0.441368,0.3,0,0.3125,4,9,27,0,0,0,0,0,0,40,0
MEDIUM,D6_CORRIDOR_BLOCK_EAST_SOUTHEAST,NEAREST_EXIT,40,-0.16125,0.183445,0,-0.35,0,19,20,1,0,0,0,0,0,0,40,0
MEDIUM,D6_CORRIDOR_BLOCK_EAST_SOUTHEAST,STATIC_SHORTEST_PATH,40,-0.16125,0.183445,0,-0.35,0,19,20,1,0,0,0,0,0,0,40,0
MEDIUM,D6_CORRIDOR_BLOCK_EAST_SOUTHEAST,CONGESTION_AWARE,40,0,0,0,0,0,0,40,0,0,0,0,0,0,0,40,0
MEDIUM,D6_CORRIDOR_BLOCK_EAST_SOUTHEAST,HAZARD_AWARE,40,-0.16125,0.183445,0,-0.35,0,19,20,1,0,0,0,0,0,0,40,0
HIGH,D0_BASELINE,NEAREST_EXIT,40,0.22,1.391402,0,0,0,0,39,1,0,0,0,0,0,0,40,0
HIGH,D0_BASELINE,STATIC_SHORTEST_PATH,40,0.22,1.391402,0,0,0,0,39,1,0,0,0,0,0,0,40,0
HIGH,D0_BASELINE,CONGESTION_AWARE,40,-0.01125,0.071151,0,0,0,1,39,0,0,0,0,0,0,0,40,0
HIGH,D0_BASELINE,HAZARD_AWARE,40,0.22,1.391402,0,0,0,0,39,1,0,0,0,0,0,0,40,0
HIGH,D1_HAZARD,NEAREST_EXIT,40,16.99375,11.552307,15.875,9.8625,21.5875,0,0,40,-87.904074,8.45745,-87.242704,-93.23414,-81.622678,40,0,0
HIGH,D1_HAZARD,STATIC_SHORTEST_PATH,40,16.99375,11.552307,15.875,9.8625,21.5875,0,0,40,-87.904074,8.45745,-87.242704,-93.23414,-81.622678,40,0,0
HIGH,D1_HAZARD,CONGESTION_AWARE,40,16.7625,11.806814,15.875,9.8625,21.5875,1,0,39,-88.504343,9.653741,-87.996932,-93.23414,-81.622678,40,0,0
HIGH,D1_HAZARD,HAZARD_AWARE,40,0,0,0,0,0,0,40,0,-0.202567,0.340118,-0.090719,-0.257891,0,25,13,2
HIGH,D2_EXIT_BLOCK,NEAREST_EXIT,40,0.04125,0.311096,0,0,0,2,33,5,0,0,0,0,0,0,40,0
HIGH,D2_EXIT_BLOCK,STATIC_SHORTEST_PATH,40,0.07375,0.298927,0,0,0,2,33,5,0,0,0,0,0,0,40,0
HIGH,D2_EXIT_BLOCK,CONGESTION_AWARE,40,-0.04,0.472473,0,-0.3,0,16,19,5,0,0,0,0,0,0,40,0
HIGH,D2_EXIT_BLOCK,HAZARD_AWARE,40,0.07375,0.298927,0,0,0,2,33,5,0,0,0,0,0,0,40,0
HIGH,D3_CORRIDOR_BLOCK,NEAREST_EXIT,40,0,0,0,0,0,0,40,0,0,0,0,0,0,0,40,0
HIGH,D3_CORRIDOR_BLOCK,STATIC_SHORTEST_PATH,40,0,0,0,0,0,0,40,0,0,0,0,0,0,0,40,0
HIGH,D3_CORRIDOR_BLOCK,CONGESTION_AWARE,40,-0.02625,0.16602,0,0,0,1,39,0,0,0,0,0,0,0,40,0
HIGH,D3_CORRIDOR_BLOCK,HAZARD_AWARE,40,0,0,0,0,0,0,40,0,0,0,0,0,0,0,40,0
HIGH,D4_COMBINED,NEAREST_EXIT,40,38.9125,9.32425,38.875,35.8875,43.475,0,0,40,-208.034629,27.579479,-207.204678,-228.338608,-192.322246,40,0,0
HIGH,D4_COMBINED,STATIC_SHORTEST_PATH,40,38.945,9.499283,38.875,35.8875,43.3625,0,0,40,-203.519003,25.50634,-200.817267,-219.409179,-189.200967,40,0,0
HIGH,D4_COMBINED,CONGESTION_AWARE,40,38.83125,9.405472,38.725,35.8875,43.175,0,0,40,-163.06846,24.363465,-161.960722,-178.274351,-144.819631,40,0,0
HIGH,D4_COMBINED,HAZARD_AWARE,40,-4.185,10.252556,0,-0.375,0,15,25,0,-14.92938,14.007913,-12.127534,-26.37721,0,27,13,0
HIGH,D5_EXIT_BLOCK_WEST,NEAREST_EXIT,40,0.035,0.393244,0,0,0.3,8,14,18,0,0,0,0,0,0,40,0
HIGH,D5_EXIT_BLOCK_WEST,STATIC_SHORTEST_PATH,40,0.035,0.393244,0,0,0.3,8,14,18,0,0,0,0,0,0,40,0
HIGH,D5_EXIT_BLOCK_WEST,CONGESTION_AWARE,40,0.01625,0.206741,0,0,0.1125,9,20,11,0,0,0,0,0,0,40,0
HIGH,D5_EXIT_BLOCK_WEST,HAZARD_AWARE,40,0.035,0.393244,0,0,0.3,8,14,18,0,0,0,0,0,0,40,0
HIGH,D6_CORRIDOR_BLOCK_EAST_SOUTHEAST,NEAREST_EXIT,40,-0.15625,0.410314,-0.275,-0.35,0,23,9,8,0,0,0,0,0,0,40,0
HIGH,D6_CORRIDOR_BLOCK_EAST_SOUTHEAST,STATIC_SHORTEST_PATH,40,-0.15625,0.410314,-0.275,-0.35,0,23,9,8,0,0,0,0,0,0,40,0
HIGH,D6_CORRIDOR_BLOCK_EAST_SOUTHEAST,CONGESTION_AWARE,40,0,0,0,0,0,0,40,0,0,0,0,0,0,0,40,0
HIGH,D6_CORRIDOR_BLOCK_EAST_SOUTHEAST,HAZARD_AWARE,40,-0.15625,0.410314,-0.275,-0.35,0,23,9,8,0,0,0,0,0,0,40,0
