"populationLevel","conditionId","comparatorStrategy","evacuationMeanDifferenceSeconds","evacuationCohenDz","evacuationHolmPValue","evacuationInference","hazardMeanDifferencePersonSeconds","hazardCohenDz","hazardHolmPValue","hazardInference","jointInterpretation"
"LOW","D1_HAZARD","NEAREST_EXIT","16.54125","2.42061683","0","ADAPTIVE_WORSE","-15.80085176","-3.3888546","0","ADAPTIVE_BETTER","EVACUATION_FAVORS_COMPARATOR_HAZARD_FAVORS_ADAPTIVE"
"LOW","D1_HAZARD","STATIC_SHORTEST_PATH","16.54125","2.42061683","0","ADAPTIVE_WORSE","-15.80085176","-3.3888546","0","ADAPTIVE_BETTER","EVACUATION_FAVORS_COMPARATOR_HAZARD_FAVORS_ADAPTIVE"
"LOW","D1_HAZARD","CONGESTION_AWARE","16.54125","2.42061683","0","ADAPTIVE_WORSE","-15.80085176","-3.3888546","0","ADAPTIVE_BETTER","EVACUATION_FAVORS_COMPARATOR_HAZARD_FAVORS_ADAPTIVE"
"LOW","D4_COMBINED","NEAREST_EXIT","34.49125","4.77781973","0","ADAPTIVE_WORSE","-34.84075134","-3.76661692","0","ADAPTIVE_BETTER","EVACUATION_FAVORS_COMPARATOR_HAZARD_FAVORS_ADAPTIVE"
"LOW","D4_COMBINED","STATIC_SHORTEST_PATH","34.54875","4.71592974","0","ADAPTIVE_WORSE","-34.41519659","-3.89585068","0","ADAPTIVE_BETTER","EVACUATION_FAVORS_COMPARATOR_HAZARD_FAVORS_ADAPTIVE"
"LOW","D4_COMBINED","CONGESTION_AWARE","34.42","4.6862345","0","ADAPTIVE_WORSE","-28.54826527","-3.46882084","0","ADAPTIVE_BETTER","EVACUATION_FAVORS_COMPARATOR_HAZARD_FAVORS_ADAPTIVE"
"MEDIUM","D1_HAZARD","NEAREST_EXIT","18.7975","1.44866426","3.904942147414658e-9","ADAPTIVE_WORSE","-48.30842454","-6.08353416","0","ADAPTIVE_BETTER","EVACUATION_FAVORS_COMPARATOR_HAZARD_FAVORS_ADAPTIVE"
"MEDIUM","D1_HAZARD","STATIC_SHORTEST_PATH","18.7975","1.44866426","3.904942147414658e-9","ADAPTIVE_WORSE","-48.30842454","-6.08353416","0","ADAPTIVE_BETTER","EVACUATION_FAVORS_COMPARATOR_HAZARD_FAVORS_ADAPTIVE"
"MEDIUM","D1_HAZARD","CONGESTION_AWARE","18.7975","1.44866426","3.904942147414658e-9","ADAPTIVE_WORSE","-48.21691069","-6.10893463","0","ADAPTIVE_BETTER","EVACUATION_FAVORS_COMPARATOR_HAZARD_FAVORS_ADAPTIVE"
"MEDIUM","D4_COMBINED","NEAREST_EXIT","36.01375","3.88222425","0","ADAPTIVE_WORSE","-110.66180306","-6.25195223","0","ADAPTIVE_BETTER","EVACUATION_FAVORS_COMPARATOR_HAZARD_FAVORS_ADAPTIVE"
"MEDIUM","D4_COMBINED","STATIC_SHORTEST_PATH","36.09625","3.84892643","0","ADAPTIVE_WORSE","-107.07446432","-6.67143429","0","ADAPTIVE_BETTER","EVACUATION_FAVORS_COMPARATOR_HAZARD_FAVORS_ADAPTIVE"
"MEDIUM","D4_COMBINED","CONGESTION_AWARE","36.02125","3.84597107","0","ADAPTIVE_WORSE","-85.84807119","-5.85362791","0","ADAPTIVE_BETTER","EVACUATION_FAVORS_COMPARATOR_HAZARD_FAVORS_ADAPTIVE"
"HIGH","D1_HAZARD","NEAREST_EXIT","16.99375","1.47102654","2.618157690648104e-9","ADAPTIVE_WORSE","-87.9040739","-10.39368472","0","ADAPTIVE_BETTER","EVACUATION_FAVORS_COMPARATOR_HAZARD_FAVORS_ADAPTIVE"
"HIGH","D1_HAZARD","STATIC_SHORTEST_PATH","16.99375","1.47102654","2.618157690648104e-9","ADAPTIVE_WORSE","-87.9040739","-10.39368472","0","ADAPTIVE_BETTER","EVACUATION_FAVORS_COMPARATOR_HAZARD_FAVORS_ADAPTIVE"
"HIGH","D1_HAZARD","CONGESTION_AWARE","16.7625","1.41973097","6.55183640674295e-9","ADAPTIVE_WORSE","-88.50434305","-9.16788071","0","ADAPTIVE_BETTER","EVACUATION_FAVORS_COMPARATOR_HAZARD_FAVORS_ADAPTIVE"
"HIGH","D4_COMBINED","NEAREST_EXIT","38.9125","4.17325799","0","ADAPTIVE_WORSE","-208.03462911","-7.54309486","0","ADAPTIVE_BETTER","EVACUATION_FAVORS_COMPARATOR_HAZARD_FAVORS_ADAPTIVE"
"HIGH","D4_COMBINED","STATIC_SHORTEST_PATH","38.945","4.09978295","0","ADAPTIVE_WORSE","-203.51900334","-7.97915359","0","ADAPTIVE_BETTER","EVACUATION_FAVORS_COMPARATOR_HAZARD_FAVORS_ADAPTIVE"
"HIGH","D4_COMBINED","CONGESTION_AWARE","38.83125","4.12858056","0","ADAPTIVE_WORSE","-163.06846004","-6.69315554","0","ADAPTIVE_BETTER","EVACUATION_FAVORS_COMPARATOR_HAZARD_FAVORS_ADAPTIVE"
