populationLevel,conditionId,comparatorStrategy,evacuationMeanDifferenceSeconds,evacuationCohenDz,evacuationHolmPValue,evacuationInference,hazardMeanDifferencePersonSeconds,hazardCohenDz,hazardHolmPValue,hazardInference,jointInterpretation
LOW,D0_BASELINE,NEAREST_EXIT,0,0,1,EXACT_TIE,0,0,1,EXACT_TIE,MIXED_OR_INCONCLUSIVE
LOW,D0_BASELINE,STATIC_SHORTEST_PATH,0,0,1,EXACT_TIE,0,0,1,EXACT_TIE,MIXED_OR_INCONCLUSIVE
LOW,D0_BASELINE,CONGESTION_AWARE,0,0,1,EXACT_TIE,0,0,1,EXACT_TIE,MIXED_OR_INCONCLUSIVE
LOW,D0_BASELINE,HAZARD_AWARE,0,0,1,EXACT_TIE,0,0,1,EXACT_TIE,MIXED_OR_INCONCLUSIVE
LOW,D1_HAZARD,NEAREST_EXIT,16.54125,2.42061683,0,ADAPTIVE_WORSE,-15.80085176,-3.3888546,0,ADAPTIVE_BETTER,EVACUATION_FAVORS_COMPARATOR_HAZARD_FAVORS_ADAPTIVE
LOW,D1_HAZARD,STATIC_SHORTEST_PATH,16.54125,2.42061683,0,ADAPTIVE_WORSE,-15.80085176,-3.3888546,0,ADAPTIVE_BETTER,EVACUATION_FAVORS_COMPARATOR_HAZARD_FAVORS_ADAPTIVE
LOW,D1_HAZARD,CONGESTION_AWARE,16.54125,2.42061683,0,ADAPTIVE_WORSE,-15.80085176,-3.3888546,0,ADAPTIVE_BETTER,EVACUATION_FAVORS_COMPARATOR_HAZARD_FAVORS_ADAPTIVE
LOW,D1_HAZARD,HAZARD_AWARE,0,0,1,EXACT_TIE,-0.00014964,-0.28039602,1,NO_CORRECTED_EVIDENCE,MIXED_OR_INCONCLUSIVE
LOW,D2_EXIT_BLOCK,NEAREST_EXIT,-0.0575,-0.22452831,1,NO_CORRECTED_EVIDENCE,0,0,1,EXACT_TIE,MIXED_OR_INCONCLUSIVE
LOW,D2_EXIT_BLOCK,STATIC_SHORTEST_PATH,0,0,1,EXACT_TIE,0,0,1,EXACT_TIE,MIXED_OR_INCONCLUSIVE
LOW,D2_EXIT_BLOCK,CONGESTION_AWARE,-0.12875,-0.64594049,0.026928114120515767,ADAPTIVE_BETTER,0,0,1,EXACT_TIE,MIXED_OR_INCONCLUSIVE
LOW,D2_EXIT_BLOCK,HAZARD_AWARE,0,0,1,EXACT_TIE,0,0,1,EXACT_TIE,MIXED_OR_INCONCLUSIVE
LOW,D3_CORRIDOR_BLOCK,NEAREST_EXIT,0,0,1,EXACT_TIE,0,0,1,EXACT_TIE,MIXED_OR_INCONCLUSIVE
LOW,D3_CORRIDOR_BLOCK,STATIC_SHORTEST_PATH,0,0,1,EXACT_TIE,0,0,1,EXACT_TIE,MIXED_OR_INCONCLUSIVE
LOW,D3_CORRIDOR_BLOCK,CONGESTION_AWARE,0,0,1,EXACT_TIE,0,0,1,EXACT_TIE,MIXED_OR_INCONCLUSIVE
LOW,D3_CORRIDOR_BLOCK,HAZARD_AWARE,0,0,1,EXACT_TIE,0,0,1,EXACT_TIE,MIXED_OR_INCONCLUSIVE
LOW,D4_COMBINED,NEAREST_EXIT,34.49125,4.77781973,0,ADAPTIVE_WORSE,-34.84075134,-3.76661692,0,ADAPTIVE_BETTER,EVACUATION_FAVORS_COMPARATOR_HAZARD_FAVORS_ADAPTIVE
LOW,D4_COMBINED,STATIC_SHORTEST_PATH,34.54875,4.71592974,0,ADAPTIVE_WORSE,-34.41519659,-3.89585068,0,ADAPTIVE_BETTER,EVACUATION_FAVORS_COMPARATOR_HAZARD_FAVORS_ADAPTIVE
LOW,D4_COMBINED,CONGESTION_AWARE,34.42,4.6862345,0,ADAPTIVE_WORSE,-28.54826527,-3.46882084,0,ADAPTIVE_BETTER,EVACUATION_FAVORS_COMPARATOR_HAZARD_FAVORS_ADAPTIVE
LOW,D4_COMBINED,HAZARD_AWARE,-2.23125,-0.27050316,1,NO_CORRECTED_EVIDENCE,-1.25056991,-0.28034665,1,NO_CORRECTED_EVIDENCE,MIXED_OR_INCONCLUSIVE
LOW,D5_EXIT_BLOCK_WEST,NEAREST_EXIT,0.08875,0.52786598,0.2326995033459789,NO_CORRECTED_EVIDENCE,0,0,1,EXACT_TIE,MIXED_OR_INCONCLUSIVE
LOW,D5_EXIT_BLOCK_WEST,STATIC_SHORTEST_PATH,0.08875,0.52786598,0.2326995033459789,NO_CORRECTED_EVIDENCE,0,0,1,EXACT_TIE,MIXED_OR_INCONCLUSIVE
LOW,D5_EXIT_BLOCK_WEST,CONGESTION_AWARE,-0.06,-0.19912262,1,NO_CORRECTED_EVIDENCE,0,0,1,EXACT_TIE,MIXED_OR_INCONCLUSIVE
LOW,D5_EXIT_BLOCK_WEST,HAZARD_AWARE,0.08875,0.52786598,0.2326995033459789,NO_CORRECTED_EVIDENCE,0,0,1,EXACT_TIE,MIXED_OR_INCONCLUSIVE
LOW,D6_CORRIDOR_BLOCK_EAST_SOUTHEAST,NEAREST_EXIT,-0.0075,-0.15811388,1,NO_CORRECTED_EVIDENCE,0,0,1,EXACT_TIE,MIXED_OR_INCONCLUSIVE
LOW,D6_CORRIDOR_BLOCK_EAST_SOUTHEAST,STATIC_SHORTEST_PATH,-0.0075,-0.15811388,1,NO_CORRECTED_EVIDENCE,0,0,1,EXACT_TIE,MIXED_OR_INCONCLUSIVE
LOW,D6_CORRIDOR_BLOCK_EAST_SOUTHEAST,CONGESTION_AWARE,0,0,1,EXACT_TIE,0,0,1,EXACT_TIE,MIXED_OR_INCONCLUSIVE
LOW,D6_CORRIDOR_BLOCK_EAST_SOUTHEAST,HAZARD_AWARE,-0.0075,-0.15811388,1,NO_CORRECTED_EVIDENCE,0,0,1,EXACT_TIE,MIXED_OR_INCONCLUSIVE
MEDIUM,D0_BASELINE,NEAREST_EXIT,0,0,1,EXACT_TIE,0,0,1,EXACT_TIE,MIXED_OR_INCONCLUSIVE
MEDIUM,D0_BASELINE,STATIC_SHORTEST_PATH,0,0,1,EXACT_TIE,0,0,1,EXACT_TIE,MIXED_OR_INCONCLUSIVE
MEDIUM,D0_BASELINE,CONGESTION_AWARE,0,0,1,EXACT_TIE,0,0,1,EXACT_TIE,MIXED_OR_INCONCLUSIVE
MEDIUM,D0_BASELINE,HAZARD_AWARE,0,0,1,EXACT_TIE,0,0,1,EXACT_TIE,MIXED_OR_INCONCLUSIVE
MEDIUM,D1_HAZARD,NEAREST_EXIT,18.7975,1.44866426,3.904942147414658e-9,ADAPTIVE_WORSE,-48.30842454,-6.08353416,0,ADAPTIVE_BETTER,EVACUATION_FAVORS_COMPARATOR_HAZARD_FAVORS_ADAPTIVE
MEDIUM,D1_HAZARD,STATIC_SHORTEST_PATH,18.7975,1.44866426,3.904942147414658e-9,ADAPTIVE_WORSE,-48.30842454,-6.08353416,0,ADAPTIVE_BETTER,EVACUATION_FAVORS_COMPARATOR_HAZARD_FAVORS_ADAPTIVE
MEDIUM,D1_HAZARD,CONGESTION_AWARE,18.7975,1.44866426,3.904942147414658e-9,ADAPTIVE_WORSE,-48.21691069,-6.10893463,0,ADAPTIVE_BETTER,EVACUATION_FAVORS_COMPARATOR_HAZARD_FAVORS_ADAPTIVE
MEDIUM,D1_HAZARD,HAZARD_AWARE,0,0,1,EXACT_TIE,-0.0439757,-0.35045428,1,NO_CORRECTED_EVIDENCE,MIXED_OR_INCONCLUSIVE
MEDIUM,D2_EXIT_BLOCK,NEAREST_EXIT,-0.0825,-0.27706997,1,NO_CORRECTED_EVIDENCE,0,0,1,EXACT_TIE,MIXED_OR_INCONCLUSIVE
MEDIUM,D2_EXIT_BLOCK,STATIC_SHORTEST_PATH,0,0,1,EXACT_TIE,0,0,1,EXACT_TIE,MIXED_OR_INCONCLUSIVE
MEDIUM,D2_EXIT_BLOCK,CONGESTION_AWARE,-0.075,-0.45174082,0.8256676596938517,NO_CORRECTED_EVIDENCE,0,0,1,EXACT_TIE,MIXED_OR_INCONCLUSIVE
MEDIUM,D2_EXIT_BLOCK,HAZARD_AWARE,0,0,1,EXACT_TIE,0,0,1,EXACT_TIE,MIXED_OR_INCONCLUSIVE
MEDIUM,D3_CORRIDOR_BLOCK,NEAREST_EXIT,0,0,1,EXACT_TIE,0,0,1,EXACT_TIE,MIXED_OR_INCONCLUSIVE
MEDIUM,D3_CORRIDOR_BLOCK,STATIC_SHORTEST_PATH,0,0,1,EXACT_TIE,0,0,1,EXACT_TIE,MIXED_OR_INCONCLUSIVE
MEDIUM,D3_CORRIDOR_BLOCK,CONGESTION_AWARE,0,0,1,EXACT_TIE,0,0,1,EXACT_TIE,MIXED_OR_INCONCLUSIVE
MEDIUM,D3_CORRIDOR_BLOCK,HAZARD_AWARE,0,0,1,EXACT_TIE,0,0,1,EXACT_TIE,MIXED_OR_INCONCLUSIVE
MEDIUM,D4_COMBINED,NEAREST_EXIT,36.01375,3.88222425,0,ADAPTIVE_WORSE,-110.66180306,-6.25195223,0,ADAPTIVE_BETTER,EVACUATION_FAVORS_COMPARATOR_HAZARD_FAVORS_ADAPTIVE
MEDIUM,D4_COMBINED,STATIC_SHORTEST_PATH,36.09625,3.84892643,0,ADAPTIVE_WORSE,-107.07446432,-6.67143429,0,ADAPTIVE_BETTER,EVACUATION_FAVORS_COMPARATOR_HAZARD_FAVORS_ADAPTIVE
MEDIUM,D4_COMBINED,CONGESTION_AWARE,36.02125,3.84597107,0,ADAPTIVE_WORSE,-85.84807119,-5.85362791,0,ADAPTIVE_BETTER,EVACUATION_FAVORS_COMPARATOR_HAZARD_FAVORS_ADAPTIVE
MEDIUM,D4_COMBINED,HAZARD_AWARE,-2.3925,-0.32268417,1,NO_CORRECTED_EVIDENCE,-5.685835,-0.74504216,0.003959332151509898,ADAPTIVE_BETTER,MIXED_OR_INCONCLUSIVE
MEDIUM,D5_EXIT_BLOCK_WEST,NEAREST_EXIT,0.16125,0.36534104,1,NO_CORRECTED_EVIDENCE,0,0,1,EXACT_TIE,MIXED_OR_INCONCLUSIVE
MEDIUM,D5_EXIT_BLOCK_WEST,STATIC_SHORTEST_PATH,0.16125,0.36534104,1,NO_CORRECTED_EVIDENCE,0,0,1,EXACT_TIE,MIXED_OR_INCONCLUSIVE
MEDIUM,D5_EXIT_BLOCK_WEST,CONGESTION_AWARE,0.19125,0.51615106,0.2790266432949289,NO_CORRECTED_EVIDENCE,0,0,1,EXACT_TIE,MIXED_OR_INCONCLUSIVE
MEDIUM,D5_EXIT_BLOCK_WEST,HAZARD_AWARE,0.16125,0.36534104,1,NO_CORRECTED_EVIDENCE,0,0,1,EXACT_TIE,MIXED_OR_INCONCLUSIVE
MEDIUM,D6_CORRIDOR_BLOCK_EAST_SOUTHEAST,NEAREST_EXIT,-0.16125,-0.87900776,0.00027754163040660806,ADAPTIVE_BETTER,0,0,1,EXACT_TIE,MIXED_OR_INCONCLUSIVE
MEDIUM,D6_CORRIDOR_BLOCK_EAST_SOUTHEAST,STATIC_SHORTEST_PATH,-0.16125,-0.87900776,0.00027754163040660806,ADAPTIVE_BETTER,0,0,1,EXACT_TIE,MIXED_OR_INCONCLUSIVE
MEDIUM,D6_CORRIDOR_BLOCK_EAST_SOUTHEAST,CONGESTION_AWARE,0,0,1,EXACT_TIE,0,0,1,EXACT_TIE,MIXED_OR_INCONCLUSIVE
MEDIUM,D6_CORRIDOR_BLOCK_EAST_SOUTHEAST,HAZARD_AWARE,-0.16125,-0.87900776,0.00027754163040660806,ADAPTIVE_BETTER,0,0,1,EXACT_TIE,MIXED_OR_INCONCLUSIVE
HIGH,D0_BASELINE,NEAREST_EXIT,0.22,0.15811388,1,NO_CORRECTED_EVIDENCE,0,0,1,EXACT_TIE,MIXED_OR_INCONCLUSIVE
HIGH,D0_BASELINE,STATIC_SHORTEST_PATH,0.22,0.15811388,1,NO_CORRECTED_EVIDENCE,0,0,1,EXACT_TIE,MIXED_OR_INCONCLUSIVE
HIGH,D0_BASELINE,CONGESTION_AWARE,-0.01125,-0.15811388,1,NO_CORRECTED_EVIDENCE,0,0,1,EXACT_TIE,MIXED_OR_INCONCLUSIVE
HIGH,D0_BASELINE,HAZARD_AWARE,0.22,0.15811388,1,NO_CORRECTED_EVIDENCE,0,0,1,EXACT_TIE,MIXED_OR_INCONCLUSIVE
HIGH,D1_HAZARD,NEAREST_EXIT,16.99375,1.47102654,2.618157690648104e-9,ADAPTIVE_WORSE,-87.9040739,-10.39368472,0,ADAPTIVE_BETTER,EVACUATION_FAVORS_COMPARATOR_HAZARD_FAVORS_ADAPTIVE
HIGH,D1_HAZARD,STATIC_SHORTEST_PATH,16.99375,1.47102654,2.618157690648104e-9,ADAPTIVE_WORSE,-87.9040739,-10.39368472,0,ADAPTIVE_BETTER,EVACUATION_FAVORS_COMPARATOR_HAZARD_FAVORS_ADAPTIVE
HIGH,D1_HAZARD,CONGESTION_AWARE,16.7625,1.41973097,6.55183640674295e-9,ADAPTIVE_WORSE,-88.50434305,-9.16788071,0,ADAPTIVE_BETTER,EVACUATION_FAVORS_COMPARATOR_HAZARD_FAVORS_ADAPTIVE
HIGH,D1_HAZARD,HAZARD_AWARE,0,0,1,EXACT_TIE,-0.20256699,-0.59557909,0.06882353965571975,NO_CORRECTED_EVIDENCE,MIXED_OR_INCONCLUSIVE
HIGH,D2_EXIT_BLOCK,NEAREST_EXIT,0.04125,0.13259591,1,NO_CORRECTED_EVIDENCE,0,0,1,EXACT_TIE,MIXED_OR_INCONCLUSIVE
HIGH,D2_EXIT_BLOCK,STATIC_SHORTEST_PATH,0.07375,0.24671573,1,NO_CORRECTED_EVIDENCE,0,0,1,EXACT_TIE,MIXED_OR_INCONCLUSIVE
HIGH,D2_EXIT_BLOCK,CONGESTION_AWARE,-0.04,-0.08466092,1,NO_CORRECTED_EVIDENCE,0,0,1,EXACT_TIE,MIXED_OR_INCONCLUSIVE
HIGH,D2_EXIT_BLOCK,HAZARD_AWARE,0.07375,0.24671573,1,NO_CORRECTED_EVIDENCE,0,0,1,EXACT_TIE,MIXED_OR_INCONCLUSIVE
HIGH,D3_CORRIDOR_BLOCK,NEAREST_EXIT,0,0,1,EXACT_TIE,0,0,1,EXACT_TIE,MIXED_OR_INCONCLUSIVE
HIGH,D3_CORRIDOR_BLOCK,STATIC_SHORTEST_PATH,0,0,1,EXACT_TIE,0,0,1,EXACT_TIE,MIXED_OR_INCONCLUSIVE
HIGH,D3_CORRIDOR_BLOCK,CONGESTION_AWARE,-0.02625,-0.15811388,1,NO_CORRECTED_EVIDENCE,0,0,1,EXACT_TIE,MIXED_OR_INCONCLUSIVE
HIGH,D3_CORRIDOR_BLOCK,HAZARD_AWARE,0,0,1,EXACT_TIE,0,0,1,EXACT_TIE,MIXED_OR_INCONCLUSIVE
HIGH,D4_COMBINED,NEAREST_EXIT,38.9125,4.17325799,0,ADAPTIVE_WORSE,-208.03462911,-7.54309486,0,ADAPTIVE_BETTER,EVACUATION_FAVORS_COMPARATOR_HAZARD_FAVORS_ADAPTIVE
HIGH,D4_COMBINED,STATIC_SHORTEST_PATH,38.945,4.09978295,0,ADAPTIVE_WORSE,-203.51900334,-7.97915359,0,ADAPTIVE_BETTER,EVACUATION_FAVORS_COMPARATOR_HAZARD_FAVORS_ADAPTIVE
HIGH,D4_COMBINED,CONGESTION_AWARE,38.83125,4.12858056,0,ADAPTIVE_WORSE,-163.06846004,-6.69315554,0,ADAPTIVE_BETTER,EVACUATION_FAVORS_COMPARATOR_HAZARD_FAVORS_ADAPTIVE
HIGH,D4_COMBINED,HAZARD_AWARE,-4.185,-0.40819091,1,NO_CORRECTED_EVIDENCE,-14.92938029,-1.06578195,0.00000643559476110056,ADAPTIVE_BETTER,MIXED_OR_INCONCLUSIVE
HIGH,D5_EXIT_BLOCK_WEST,NEAREST_EXIT,0.035,0.08900321,1,NO_CORRECTED_EVIDENCE,0,0,1,EXACT_TIE,MIXED_OR_INCONCLUSIVE
HIGH,D5_EXIT_BLOCK_WEST,STATIC_SHORTEST_PATH,0.035,0.08900321,1,NO_CORRECTED_EVIDENCE,0,0,1,EXACT_TIE,MIXED_OR_INCONCLUSIVE
HIGH,D5_EXIT_BLOCK_WEST,CONGESTION_AWARE,0.01625,0.07860063,1,NO_CORRECTED_EVIDENCE,0,0,1,EXACT_TIE,MIXED_OR_INCONCLUSIVE
HIGH,D5_EXIT_BLOCK_WEST,HAZARD_AWARE,0.035,0.08900321,1,NO_CORRECTED_EVIDENCE,0,0,1,EXACT_TIE,MIXED_OR_INCONCLUSIVE
HIGH,D6_CORRIDOR_BLOCK_EAST_SOUTHEAST,NEAREST_EXIT,-0.15625,-0.38080615,1,NO_CORRECTED_EVIDENCE,0,0,1,EXACT_TIE,MIXED_OR_INCONCLUSIVE
HIGH,D6_CORRIDOR_BLOCK_EAST_SOUTHEAST,STATIC_SHORTEST_PATH,-0.15625,-0.38080615,1,NO_CORRECTED_EVIDENCE,0,0,1,EXACT_TIE,MIXED_OR_INCONCLUSIVE
HIGH,D6_CORRIDOR_BLOCK_EAST_SOUTHEAST,CONGESTION_AWARE,0,0,1,EXACT_TIE,0,0,1,EXACT_TIE,MIXED_OR_INCONCLUSIVE
HIGH,D6_CORRIDOR_BLOCK_EAST_SOUTHEAST,HAZARD_AWARE,-0.15625,-0.38080615,1,NO_CORRECTED_EVIDENCE,0,0,1,EXACT_TIE,MIXED_OR_INCONCLUSIVE
