populationLevel,conditionId,comparatorStrategy,outcomeId,unit,nPairs,meanDifference,sdDifference,standardError,medianDifference,q1Difference,q3Difference,ci95Lower,ci95Upper,tStatistic,degreesOfFreedom,pairedTTestPValue,pairedTTestHolmPValue,cohenDz,exactSignTestNonzeroPairs,exactSignTestAdaptiveWins,exactSignTestTies,exactSignTestAdaptiveLosses,exactSignTestPValue,exactSignTestHolmPValue,zeroVariance,correctedInference,signTestRobustness
LOW,D0_BASELINE,NEAREST_EXIT,TOTAL_EVACUATION_TIME,seconds,40,0,0,0,0,0,0,0,0,0,39,1,1,0,0,0,40,0,1,1,true,EXACT_TIE,NOT_SIGNIFICANT_AFTER_HOLM
LOW,D0_BASELINE,NEAREST_EXIT,POPULATION_HAZARD_EXPOSURE,person-seconds,40,0,0,0,0,0,0,0,0,0,39,1,1,0,0,0,40,0,1,1,true,EXACT_TIE,NOT_SIGNIFICANT_AFTER_HOLM
LOW,D0_BASELINE,STATIC_SHORTEST_PATH,TOTAL_EVACUATION_TIME,seconds,40,0,0,0,0,0,0,0,0,0,39,1,1,0,0,0,40,0,1,1,true,EXACT_TIE,NOT_SIGNIFICANT_AFTER_HOLM
LOW,D0_BASELINE,STATIC_SHORTEST_PATH,POPULATION_HAZARD_EXPOSURE,person-seconds,40,0,0,0,0,0,0,0,0,0,39,1,1,0,0,0,40,0,1,1,true,EXACT_TIE,NOT_SIGNIFICANT_AFTER_HOLM
LOW,D0_BASELINE,CONGESTION_AWARE,TOTAL_EVACUATION_TIME,seconds,40,0,0,0,0,0,0,0,0,0,39,1,1,0,0,0,40,0,1,1,true,EXACT_TIE,NOT_SIGNIFICANT_AFTER_HOLM
LOW,D0_BASELINE,CONGESTION_AWARE,POPULATION_HAZARD_EXPOSURE,person-seconds,40,0,0,0,0,0,0,0,0,0,39,1,1,0,0,0,40,0,1,1,true,EXACT_TIE,NOT_SIGNIFICANT_AFTER_HOLM
LOW,D0_BASELINE,HAZARD_AWARE,TOTAL_EVACUATION_TIME,seconds,40,0,0,0,0,0,0,0,0,0,39,1,1,0,0,0,40,0,1,1,true,EXACT_TIE,NOT_SIGNIFICANT_AFTER_HOLM
LOW,D0_BASELINE,HAZARD_AWARE,POPULATION_HAZARD_EXPOSURE,person-seconds,40,0,0,0,0,0,0,0,0,0,39,1,1,0,0,0,40,0,1,1,true,EXACT_TIE,NOT_SIGNIFICANT_AFTER_HOLM
LOW,D1_HAZARD,NEAREST_EXIT,TOTAL_EVACUATION_TIME,seconds,40,16.54125,6.8334855,1.08046893,15.475,13.625,18.1625,14.35579531,18.72670469,15.30932505,39,0,0,2.42061683,40,0,0,40,1.8189894035458565e-12,3.055902197957039e-10,false,ADAPTIVE_WORSE,ROBUST_DIRECTION_FAVORS_COMPARATOR
LOW,D1_HAZARD,NEAREST_EXIT,POPULATION_HAZARD_EXPOSURE,person-seconds,40,-15.80085176,4.6625936,0.73722078,-14.76998787,-16.60604647,-13.48969886,-17.29202153,-14.30968198,-21.43299838,39,0,0,-3.3888546,40,40,0,0,1.8189894035458565e-12,3.055902197957039e-10,false,ADAPTIVE_BETTER,ROBUST_DIRECTION_FAVORS_ADAPTIVE
LOW,D1_HAZARD,STATIC_SHORTEST_PATH,TOTAL_EVACUATION_TIME,seconds,40,16.54125,6.8334855,1.08046893,15.475,13.625,18.1625,14.35579531,18.72670469,15.30932505,39,0,0,2.42061683,40,0,0,40,1.8189894035458565e-12,3.055902197957039e-10,false,ADAPTIVE_WORSE,ROBUST_DIRECTION_FAVORS_COMPARATOR
LOW,D1_HAZARD,STATIC_SHORTEST_PATH,POPULATION_HAZARD_EXPOSURE,person-seconds,40,-15.80085176,4.6625936,0.73722078,-14.76998787,-16.60604647,-13.48969886,-17.29202153,-14.30968198,-21.43299838,39,0,0,-3.3888546,40,40,0,0,1.8189894035458565e-12,3.055902197957039e-10,false,ADAPTIVE_BETTER,ROBUST_DIRECTION_FAVORS_ADAPTIVE
LOW,D1_HAZARD,CONGESTION_AWARE,TOTAL_EVACUATION_TIME,seconds,40,16.54125,6.8334855,1.08046893,15.475,13.625,18.1625,14.35579531,18.72670469,15.30932505,39,0,0,2.42061683,40,0,0,40,1.8189894035458565e-12,3.055902197957039e-10,false,ADAPTIVE_WORSE,ROBUST_DIRECTION_FAVORS_COMPARATOR
LOW,D1_HAZARD,CONGESTION_AWARE,POPULATION_HAZARD_EXPOSURE,person-seconds,40,-15.80085176,4.6625936,0.73722078,-14.76998787,-16.60604647,-13.48969886,-17.29202153,-14.30968198,-21.43299838,39,0,0,-3.3888546,40,40,0,0,1.8189894035458565e-12,3.055902197957039e-10,false,ADAPTIVE_BETTER,ROBUST_DIRECTION_FAVORS_ADAPTIVE
LOW,D1_HAZARD,HAZARD_AWARE,TOTAL_EVACUATION_TIME,seconds,40,0,0,0,0,0,0,0,0,0,39,1,1,0,0,0,40,0,1,1,true,EXACT_TIE,NOT_SIGNIFICANT_AFTER_HOLM
LOW,D1_HAZARD,HAZARD_AWARE,POPULATION_HAZARD_EXPOSURE,person-seconds,40,-0.00014964,0.00053366,0.00008438,0,0,0,-0.00032031,0.00002104,-1.77338011,39,0.08397522984560402,1,-0.28039602,3,3,37,0,0.25,1,false,NO_CORRECTED_EVIDENCE,NOT_SIGNIFICANT_AFTER_HOLM
LOW,D2_EXIT_BLOCK,NEAREST_EXIT,TOTAL_EVACUATION_TIME,seconds,40,-0.0575,0.25609243,0.04049177,0,0,0,-0.13940233,0.02440233,-1.4200417,39,0.1635406051706434,1,-0.22452831,2,2,38,0,0.5,1,false,NO_CORRECTED_EVIDENCE,NOT_SIGNIFICANT_AFTER_HOLM
LOW,D2_EXIT_BLOCK,NEAREST_EXIT,POPULATION_HAZARD_EXPOSURE,person-seconds,40,0,0,0,0,0,0,0,0,0,39,1,1,0,0,0,40,0,1,1,true,EXACT_TIE,NOT_SIGNIFICANT_AFTER_HOLM
LOW,D2_EXIT_BLOCK,STATIC_SHORTEST_PATH,TOTAL_EVACUATION_TIME,seconds,40,0,0,0,0,0,0,0,0,0,39,1,1,0,0,0,40,0,1,1,true,EXACT_TIE,NOT_SIGNIFICANT_AFTER_HOLM
LOW,D2_EXIT_BLOCK,STATIC_SHORTEST_PATH,POPULATION_HAZARD_EXPOSURE,person-seconds,40,0,0,0,0,0,0,0,0,0,39,1,1,0,0,0,40,0,1,1,true,EXACT_TIE,NOT_SIGNIFICANT_AFTER_HOLM
LOW,D2_EXIT_BLOCK,CONGESTION_AWARE,TOTAL_EVACUATION_TIME,seconds,40,-0.12875,0.19932177,0.03151554,0,-0.3125,0,-0.19249619,-0.06500381,-4.08528637,39,0.00021203239464973045,0.026928114120515767,-0.64594049,19,16,21,3,0.004425048828125,0.531005859375,false,ADAPTIVE_BETTER,NOT_SIGNIFICANT_AFTER_HOLM
LOW,D2_EXIT_BLOCK,CONGESTION_AWARE,POPULATION_HAZARD_EXPOSURE,person-seconds,40,0,0,0,0,0,0,0,0,0,39,1,1,0,0,0,40,0,1,1,true,EXACT_TIE,NOT_SIGNIFICANT_AFTER_HOLM
LOW,D2_EXIT_BLOCK,HAZARD_AWARE,TOTAL_EVACUATION_TIME,seconds,40,0,0,0,0,0,0,0,0,0,39,1,1,0,0,0,40,0,1,1,true,EXACT_TIE,NOT_SIGNIFICANT_AFTER_HOLM
LOW,D2_EXIT_BLOCK,HAZARD_AWARE,POPULATION_HAZARD_EXPOSURE,person-seconds,40,0,0,0,0,0,0,0,0,0,39,1,1,0,0,0,40,0,1,1,true,EXACT_TIE,NOT_SIGNIFICANT_AFTER_HOLM
LOW,D3_CORRIDOR_BLOCK,NEAREST_EXIT,TOTAL_EVACUATION_TIME,seconds,40,0,0,0,0,0,0,0,0,0,39,1,1,0,0,0,40,0,1,1,true,EXACT_TIE,NOT_SIGNIFICANT_AFTER_HOLM
LOW,D3_CORRIDOR_BLOCK,NEAREST_EXIT,POPULATION_HAZARD_EXPOSURE,person-seconds,40,0,0,0,0,0,0,0,0,0,39,1,1,0,0,0,40,0,1,1,true,EXACT_TIE,NOT_SIGNIFICANT_AFTER_HOLM
LOW,D3_CORRIDOR_BLOCK,STATIC_SHORTEST_PATH,TOTAL_EVACUATION_TIME,seconds,40,0,0,0,0,0,0,0,0,0,39,1,1,0,0,0,40,0,1,1,true,EXACT_TIE,NOT_SIGNIFICANT_AFTER_HOLM
LOW,D3_CORRIDOR_BLOCK,STATIC_SHORTEST_PATH,POPULATION_HAZARD_EXPOSURE,person-seconds,40,0,0,0,0,0,0,0,0,0,39,1,1,0,0,0,40,0,1,1,true,EXACT_TIE,NOT_SIGNIFICANT_AFTER_HOLM
LOW,D3_CORRIDOR_BLOCK,CONGESTION_AWARE,TOTAL_EVACUATION_TIME,seconds,40,0,0,0,0,0,0,0,0,0,39,1,1,0,0,0,40,0,1,1,true,EXACT_TIE,NOT_SIGNIFICANT_AFTER_HOLM
LOW,D3_CORRIDOR_BLOCK,CONGESTION_AWARE,POPULATION_HAZARD_EXPOSURE,person-seconds,40,0,0,0,0,0,0,0,0,0,39,1,1,0,0,0,40,0,1,1,true,EXACT_TIE,NOT_SIGNIFICANT_AFTER_HOLM
LOW,D3_CORRIDOR_BLOCK,HAZARD_AWARE,TOTAL_EVACUATION_TIME,seconds,40,0,0,0,0,0,0,0,0,0,39,1,1,0,0,0,40,0,1,1,true,EXACT_TIE,NOT_SIGNIFICANT_AFTER_HOLM
LOW,D3_CORRIDOR_BLOCK,HAZARD_AWARE,POPULATION_HAZARD_EXPOSURE,person-seconds,40,0,0,0,0,0,0,0,0,0,39,1,1,0,0,0,40,0,1,1,true,EXACT_TIE,NOT_SIGNIFICANT_AFTER_HOLM
LOW,D4_COMBINED,NEAREST_EXIT,TOTAL_EVACUATION_TIME,seconds,40,34.49125,7.21903545,1.14142973,33.3,30.275,38.6625,32.18249046,36.80000954,30.21758521,39,0,0,4.77781973,40,0,0,40,1.8189894035458565e-12,3.055902197957039e-10,false,ADAPTIVE_WORSE,ROBUST_DIRECTION_FAVORS_COMPARATOR
LOW,D4_COMBINED,NEAREST_EXIT,POPULATION_HAZARD_EXPOSURE,person-seconds,40,-34.84075134,9.24987916,1.46253431,-32.34799422,-38.76640718,-28.44208654,-37.79900621,-31.88249647,-23.82217708,39,0,0,-3.76661692,40,40,0,0,1.8189894035458565e-12,3.055902197957039e-10,false,ADAPTIVE_BETTER,ROBUST_DIRECTION_FAVORS_ADAPTIVE
LOW,D4_COMBINED,STATIC_SHORTEST_PATH,TOTAL_EVACUATION_TIME,seconds,40,34.54875,7.32596793,1.15833724,33.3,30.275,38.6625,32.20579179,36.89170821,29.8261585,39,0,0,4.71592974,40,0,0,40,1.8189894035458565e-12,3.055902197957039e-10,false,ADAPTIVE_WORSE,ROBUST_DIRECTION_FAVORS_COMPARATOR
LOW,D4_COMBINED,STATIC_SHORTEST_PATH,POPULATION_HAZARD_EXPOSURE,person-seconds,40,-34.41519659,8.83380793,1.39674767,-32.34799422,-38.32824783,-28.44208654,-37.24038543,-31.59000776,-24.63952313,39,0,0,-3.89585068,40,40,0,0,1.8189894035458565e-12,3.055902197957039e-10,false,ADAPTIVE_BETTER,ROBUST_DIRECTION_FAVORS_ADAPTIVE
LOW,D4_COMBINED,CONGESTION_AWARE,TOTAL_EVACUATION_TIME,seconds,40,34.42,7.34491626,1.16133323,33.1,30.275,38.775,32.07098182,36.76901818,29.63834936,39,0,0,4.6862345,40,0,0,40,1.8189894035458565e-12,3.055902197957039e-10,false,ADAPTIVE_WORSE,ROBUST_DIRECTION_FAVORS_COMPARATOR
LOW,D4_COMBINED,CONGESTION_AWARE,POPULATION_HAZARD_EXPOSURE,person-seconds,40,-28.54826527,8.22996245,1.30127132,-27.08302565,-31.0878216,-23.47951579,-31.18033496,-25.91619559,-21.93874931,39,0,0,-3.46882084,40,40,0,0,1.8189894035458565e-12,3.055902197957039e-10,false,ADAPTIVE_BETTER,ROBUST_DIRECTION_FAVORS_ADAPTIVE
LOW,D4_COMBINED,HAZARD_AWARE,TOTAL_EVACUATION_TIME,seconds,40,-2.23125,8.24851725,1.30420509,0,0,0,-4.8692538,0.4067538,-1.71081221,39,0.09506026122988276,1,-0.27050316,3,3,37,0,0.25,1,false,NO_CORRECTED_EVIDENCE,NOT_SIGNIFICANT_AFTER_HOLM
LOW,D4_COMBINED,HAZARD_AWARE,POPULATION_HAZARD_EXPOSURE,person-seconds,40,-1.25056991,4.46079848,0.70531417,0,0,0,-2.67720248,0.17606265,-1.7730679,39,0.08402772401537817,1,-0.28034665,3,3,37,0,0.25,1,false,NO_CORRECTED_EVIDENCE,NOT_SIGNIFICANT_AFTER_HOLM
LOW,D5_EXIT_BLOCK_WEST,NEAREST_EXIT,TOTAL_EVACUATION_TIME,seconds,40,0.08875,0.1681298,0.02658365,0,0,0.3,0.03497948,0.14252052,3.33851762,39,0.001861596026767831,0.2326995033459789,0.52786598,16,3,24,13,0.021270751953125,1,false,NO_CORRECTED_EVIDENCE,NOT_SIGNIFICANT_AFTER_HOLM
LOW,D5_EXIT_BLOCK_WEST,NEAREST_EXIT,POPULATION_HAZARD_EXPOSURE,person-seconds,40,0,0,0,0,0,0,0,0,0,39,1,1,0,0,0,40,0,1,1,true,EXACT_TIE,NOT_SIGNIFICANT_AFTER_HOLM
LOW,D5_EXIT_BLOCK_WEST,STATIC_SHORTEST_PATH,TOTAL_EVACUATION_TIME,seconds,40,0.08875,0.1681298,0.02658365,0,0,0.3,0.03497948,0.14252052,3.33851762,39,0.001861596026767831,0.2326995033459789,0.52786598,16,3,24,13,0.021270751953125,1,false,NO_CORRECTED_EVIDENCE,NOT_SIGNIFICANT_AFTER_HOLM
LOW,D5_EXIT_BLOCK_WEST,STATIC_SHORTEST_PATH,POPULATION_HAZARD_EXPOSURE,person-seconds,40,0,0,0,0,0,0,0,0,0,39,1,1,0,0,0,40,0,1,1,true,EXACT_TIE,NOT_SIGNIFICANT_AFTER_HOLM
LOW,D5_EXIT_BLOCK_WEST,CONGESTION_AWARE,TOTAL_EVACUATION_TIME,seconds,40,-0.06,0.30132187,0.04764317,0,-0.3,0.15,-0.15636741,0.03636741,-1.259362,39,0.21538486355244935,1,-0.19912262,29,15,11,14,1,1,false,NO_CORRECTED_EVIDENCE,NOT_SIGNIFICANT_AFTER_HOLM
LOW,D5_EXIT_BLOCK_WEST,CONGESTION_AWARE,POPULATION_HAZARD_EXPOSURE,person-seconds,40,0,0,0,0,0,0,0,0,0,39,1,1,0,0,0,40,0,1,1,true,EXACT_TIE,NOT_SIGNIFICANT_AFTER_HOLM
LOW,D5_EXIT_BLOCK_WEST,HAZARD_AWARE,TOTAL_EVACUATION_TIME,seconds,40,0.08875,0.1681298,0.02658365,0,0,0.3,0.03497948,0.14252052,3.33851762,39,0.001861596026767831,0.2326995033459789,0.52786598,16,3,24,13,0.021270751953125,1,false,NO_CORRECTED_EVIDENCE,NOT_SIGNIFICANT_AFTER_HOLM
LOW,D5_EXIT_BLOCK_WEST,HAZARD_AWARE,POPULATION_HAZARD_EXPOSURE,person-seconds,40,0,0,0,0,0,0,0,0,0,39,1,1,0,0,0,40,0,1,1,true,EXACT_TIE,NOT_SIGNIFICANT_AFTER_HOLM
LOW,D6_CORRIDOR_BLOCK_EAST_SOUTHEAST,NEAREST_EXIT,TOTAL_EVACUATION_TIME,seconds,40,-0.0075,0.04743416,0.0075,0,0,0,-0.02267018,0.00767018,-1,39,0.32347494517137987,1,-0.15811388,1,1,39,0,1,1,false,NO_CORRECTED_EVIDENCE,NOT_SIGNIFICANT_AFTER_HOLM
LOW,D6_CORRIDOR_BLOCK_EAST_SOUTHEAST,NEAREST_EXIT,POPULATION_HAZARD_EXPOSURE,person-seconds,40,0,0,0,0,0,0,0,0,0,39,1,1,0,0,0,40,0,1,1,true,EXACT_TIE,NOT_SIGNIFICANT_AFTER_HOLM
LOW,D6_CORRIDOR_BLOCK_EAST_SOUTHEAST,STATIC_SHORTEST_PATH,TOTAL_EVACUATION_TIME,seconds,40,-0.0075,0.04743416,0.0075,0,0,0,-0.02267018,0.00767018,-1,39,0.32347494517137987,1,-0.15811388,1,1,39,0,1,1,false,NO_CORRECTED_EVIDENCE,NOT_SIGNIFICANT_AFTER_HOLM
LOW,D6_CORRIDOR_BLOCK_EAST_SOUTHEAST,STATIC_SHORTEST_PATH,POPULATION_HAZARD_EXPOSURE,person-seconds,40,0,0,0,0,0,0,0,0,0,39,1,1,0,0,0,40,0,1,1,true,EXACT_TIE,NOT_SIGNIFICANT_AFTER_HOLM
LOW,D6_CORRIDOR_BLOCK_EAST_SOUTHEAST,CONGESTION_AWARE,TOTAL_EVACUATION_TIME,seconds,40,0,0,0,0,0,0,0,0,0,39,1,1,0,0,0,40,0,1,1,true,EXACT_TIE,NOT_SIGNIFICANT_AFTER_HOLM
LOW,D6_CORRIDOR_BLOCK_EAST_SOUTHEAST,CONGESTION_AWARE,POPULATION_HAZARD_EXPOSURE,person-seconds,40,0,0,0,0,0,0,0,0,0,39,1,1,0,0,0,40,0,1,1,true,EXACT_TIE,NOT_SIGNIFICANT_AFTER_HOLM
LOW,D6_CORRIDOR_BLOCK_EAST_SOUTHEAST,HAZARD_AWARE,TOTAL_EVACUATION_TIME,seconds,40,-0.0075,0.04743416,0.0075,0,0,0,-0.02267018,0.00767018,-1,39,0.32347494517137987,1,-0.15811388,1,1,39,0,1,1,false,NO_CORRECTED_EVIDENCE,NOT_SIGNIFICANT_AFTER_HOLM
LOW,D6_CORRIDOR_BLOCK_EAST_SOUTHEAST,HAZARD_AWARE,POPULATION_HAZARD_EXPOSURE,person-seconds,40,0,0,0,0,0,0,0,0,0,39,1,1,0,0,0,40,0,1,1,true,EXACT_TIE,NOT_SIGNIFICANT_AFTER_HOLM
MEDIUM,D0_BASELINE,NEAREST_EXIT,TOTAL_EVACUATION_TIME,seconds,40,0,0,0,0,0,0,0,0,0,39,1,1,0,0,0,40,0,1,1,true,EXACT_TIE,NOT_SIGNIFICANT_AFTER_HOLM
MEDIUM,D0_BASELINE,NEAREST_EXIT,POPULATION_HAZARD_EXPOSURE,person-seconds,40,0,0,0,0,0,0,0,0,0,39,1,1,0,0,0,40,0,1,1,true,EXACT_TIE,NOT_SIGNIFICANT_AFTER_HOLM
MEDIUM,D0_BASELINE,STATIC_SHORTEST_PATH,TOTAL_EVACUATION_TIME,seconds,40,0,0,0,0,0,0,0,0,0,39,1,1,0,0,0,40,0,1,1,true,EXACT_TIE,NOT_SIGNIFICANT_AFTER_HOLM
MEDIUM,D0_BASELINE,STATIC_SHORTEST_PATH,POPULATION_HAZARD_EXPOSURE,person-seconds,40,0,0,0,0,0,0,0,0,0,39,1,1,0,0,0,40,0,1,1,true,EXACT_TIE,NOT_SIGNIFICANT_AFTER_HOLM
MEDIUM,D0_BASELINE,CONGESTION_AWARE,TOTAL_EVACUATION_TIME,seconds,40,0,0,0,0,0,0,0,0,0,39,1,1,0,0,0,40,0,1,1,true,EXACT_TIE,NOT_SIGNIFICANT_AFTER_HOLM
MEDIUM,D0_BASELINE,CONGESTION_AWARE,POPULATION_HAZARD_EXPOSURE,person-seconds,40,0,0,0,0,0,0,0,0,0,39,1,1,0,0,0,40,0,1,1,true,EXACT_TIE,NOT_SIGNIFICANT_AFTER_HOLM
MEDIUM,D0_BASELINE,HAZARD_AWARE,TOTAL_EVACUATION_TIME,seconds,40,0,0,0,0,0,0,0,0,0,39,1,1,0,0,0,40,0,1,1,true,EXACT_TIE,NOT_SIGNIFICANT_AFTER_HOLM
MEDIUM,D0_BASELINE,HAZARD_AWARE,POPULATION_HAZARD_EXPOSURE,person-seconds,40,0,0,0,0,0,0,0,0,0,39,1,1,0,0,0,40,0,1,1,true,EXACT_TIE,NOT_SIGNIFICANT_AFTER_HOLM
MEDIUM,D1_HAZARD,NEAREST_EXIT,TOTAL_EVACUATION_TIME,seconds,40,18.7975,12.97574636,2.05164564,17.425,10.9125,22.8125,14.64765499,22.94734501,9.16215725,39,2.8712809907460723e-11,3.904942147414658e-9,1.44866426,40,0,0,40,1.8189894035458565e-12,3.055902197957039e-10,false,ADAPTIVE_WORSE,ROBUST_DIRECTION_FAVORS_COMPARATOR
MEDIUM,D1_HAZARD,NEAREST_EXIT,POPULATION_HAZARD_EXPOSURE,person-seconds,40,-48.30842454,7.94084873,1.25555843,-47.33851997,-53.7132385,-43.44475432,-50.84803117,-45.76881791,-38.47564835,39,0,0,-6.08353416,40,40,0,0,1.8189894035458565e-12,3.055902197957039e-10,false,ADAPTIVE_BETTER,ROBUST_DIRECTION_FAVORS_ADAPTIVE
MEDIUM,D1_HAZARD,STATIC_SHORTEST_PATH,TOTAL_EVACUATION_TIME,seconds,40,18.7975,12.97574636,2.05164564,17.425,10.9125,22.8125,14.64765499,22.94734501,9.16215725,39,2.8712809907460723e-11,3.904942147414658e-9,1.44866426,40,0,0,40,1.8189894035458565e-12,3.055902197957039e-10,false,ADAPTIVE_WORSE,ROBUST_DIRECTION_FAVORS_COMPARATOR
MEDIUM,D1_HAZARD,STATIC_SHORTEST_PATH,POPULATION_HAZARD_EXPOSURE,person-seconds,40,-48.30842454,7.94084873,1.25555843,-47.33851997,-53.7132385,-43.44475432,-50.84803117,-45.76881791,-38.47564835,39,0,0,-6.08353416,40,40,0,0,1.8189894035458565e-12,3.055902197957039e-10,false,ADAPTIVE_BETTER,ROBUST_DIRECTION_FAVORS_ADAPTIVE
MEDIUM,D1_HAZARD,CONGESTION_AWARE,TOTAL_EVACUATION_TIME,seconds,40,18.7975,12.97574636,2.05164564,17.425,10.9125,22.8125,14.64765499,22.94734501,9.16215725,39,2.8712809907460723e-11,3.904942147414658e-9,1.44866426,40,0,0,40,1.8189894035458565e-12,3.055902197957039e-10,false,ADAPTIVE_WORSE,ROBUST_DIRECTION_FAVORS_COMPARATOR
MEDIUM,D1_HAZARD,CONGESTION_AWARE,POPULATION_HAZARD_EXPOSURE,person-seconds,40,-48.21691069,7.89285098,1.24796932,-47.33851997,-53.16052723,-43.44475432,-50.7411669,-45.69265449,-38.636295,39,0,0,-6.10893463,40,40,0,0,1.8189894035458565e-12,3.055902197957039e-10,false,ADAPTIVE_BETTER,ROBUST_DIRECTION_FAVORS_ADAPTIVE
MEDIUM,D1_HAZARD,HAZARD_AWARE,TOTAL_EVACUATION_TIME,seconds,40,0,0,0,0,0,0,0,0,0,39,1,1,0,0,0,40,0,1,1,true,EXACT_TIE,NOT_SIGNIFICANT_AFTER_HOLM
MEDIUM,D1_HAZARD,HAZARD_AWARE,POPULATION_HAZARD_EXPOSURE,person-seconds,40,-0.0439757,0.12548199,0.01984045,0,-0.01254273,0,-0.08410679,-0.00384461,-2.21646745,39,0.032561077977791175,1,-0.35045428,16,15,24,1,0.000518798828125,0.06329345703125,false,NO_CORRECTED_EVIDENCE,NOT_SIGNIFICANT_AFTER_HOLM
MEDIUM,D2_EXIT_BLOCK,NEAREST_EXIT,TOTAL_EVACUATION_TIME,seconds,40,-0.0825,0.29775872,0.04707979,0,0,0,-0.17772786,0.01272786,-1.75234435,39,0.08757434577916379,1,-0.27706997,10,7,30,3,0.34375,1,false,NO_CORRECTED_EVIDENCE,NOT_SIGNIFICANT_AFTER_HOLM
MEDIUM,D2_EXIT_BLOCK,NEAREST_EXIT,POPULATION_HAZARD_EXPOSURE,person-seconds,40,0,0,0,0,0,0,0,0,0,39,1,1,0,0,0,40,0,1,1,true,EXACT_TIE,NOT_SIGNIFICANT_AFTER_HOLM
MEDIUM,D2_EXIT_BLOCK,STATIC_SHORTEST_PATH,TOTAL_EVACUATION_TIME,seconds,40,0,0,0,0,0,0,0,0,0,39,1,1,0,0,0,40,0,1,1,true,EXACT_TIE,NOT_SIGNIFICANT_AFTER_HOLM
MEDIUM,D2_EXIT_BLOCK,STATIC_SHORTEST_PATH,POPULATION_HAZARD_EXPOSURE,person-seconds,40,0,0,0,0,0,0,0,0,0,39,1,1,0,0,0,40,0,1,1,true,EXACT_TIE,NOT_SIGNIFICANT_AFTER_HOLM
MEDIUM,D2_EXIT_BLOCK,CONGESTION_AWARE,TOTAL_EVACUATION_TIME,seconds,40,-0.075,0.1660244,0.02625076,0,-0.15,0,-0.12809718,-0.02190282,-2.8570598,39,0.006823699666891336,0.8256676596938517,-0.45174082,16,11,24,5,0.210113525390625,1,false,NO_CORRECTED_EVIDENCE,NOT_SIGNIFICANT_AFTER_HOLM
MEDIUM,D2_EXIT_BLOCK,CONGESTION_AWARE,POPULATION_HAZARD_EXPOSURE,person-seconds,40,0,0,0,0,0,0,0,0,0,39,1,1,0,0,0,40,0,1,1,true,EXACT_TIE,NOT_SIGNIFICANT_AFTER_HOLM
MEDIUM,D2_EXIT_BLOCK,HAZARD_AWARE,TOTAL_EVACUATION_TIME,seconds,40,0,0,0,0,0,0,0,0,0,39,1,1,0,0,0,40,0,1,1,true,EXACT_TIE,NOT_SIGNIFICANT_AFTER_HOLM
MEDIUM,D2_EXIT_BLOCK,HAZARD_AWARE,POPULATION_HAZARD_EXPOSURE,person-seconds,40,0,0,0,0,0,0,0,0,0,39,1,1,0,0,0,40,0,1,1,true,EXACT_TIE,NOT_SIGNIFICANT_AFTER_HOLM
MEDIUM,D3_CORRIDOR_BLOCK,NEAREST_EXIT,TOTAL_EVACUATION_TIME,seconds,40,0,0,0,0,0,0,0,0,0,39,1,1,0,0,0,40,0,1,1,true,EXACT_TIE,NOT_SIGNIFICANT_AFTER_HOLM
MEDIUM,D3_CORRIDOR_BLOCK,NEAREST_EXIT,POPULATION_HAZARD_EXPOSURE,person-seconds,40,0,0,0,0,0,0,0,0,0,39,1,1,0,0,0,40,0,1,1,true,EXACT_TIE,NOT_SIGNIFICANT_AFTER_HOLM
MEDIUM,D3_CORRIDOR_BLOCK,STATIC_SHORTEST_PATH,TOTAL_EVACUATION_TIME,seconds,40,0,0,0,0,0,0,0,0,0,39,1,1,0,0,0,40,0,1,1,true,EXACT_TIE,NOT_SIGNIFICANT_AFTER_HOLM
MEDIUM,D3_CORRIDOR_BLOCK,STATIC_SHORTEST_PATH,POPULATION_HAZARD_EXPOSURE,person-seconds,40,0,0,0,0,0,0,0,0,0,39,1,1,0,0,0,40,0,1,1,true,EXACT_TIE,NOT_SIGNIFICANT_AFTER_HOLM
MEDIUM,D3_CORRIDOR_BLOCK,CONGESTION_AWARE,TOTAL_EVACUATION_TIME,seconds,40,0,0,0,0,0,0,0,0,0,39,1,1,0,0,0,40,0,1,1,true,EXACT_TIE,NOT_SIGNIFICANT_AFTER_HOLM
MEDIUM,D3_CORRIDOR_BLOCK,CONGESTION_AWARE,POPULATION_HAZARD_EXPOSURE,person-seconds,40,0,0,0,0,0,0,0,0,0,39,1,1,0,0,0,40,0,1,1,true,EXACT_TIE,NOT_SIGNIFICANT_AFTER_HOLM
MEDIUM,D3_CORRIDOR_BLOCK,HAZARD_AWARE,TOTAL_EVACUATION_TIME,seconds,40,0,0,0,0,0,0,0,0,0,39,1,1,0,0,0,40,0,1,1,true,EXACT_TIE,NOT_SIGNIFICANT_AFTER_HOLM
MEDIUM,D3_CORRIDOR_BLOCK,HAZARD_AWARE,POPULATION_HAZARD_EXPOSURE,person-seconds,40,0,0,0,0,0,0,0,0,0,39,1,1,0,0,0,40,0,1,1,true,EXACT_TIE,NOT_SIGNIFICANT_AFTER_HOLM
MEDIUM,D4_COMBINED,NEAREST_EXIT,TOTAL_EVACUATION_TIME,seconds,40,36.01375,9.27657643,1.46675552,36.875,31.7125,40.975,33.04695693,38.98054307,24.55334206,39,0,0,3.88222425,40,0,0,40,1.8189894035458565e-12,3.055902197957039e-10,false,ADAPTIVE_WORSE,ROBUST_DIRECTION_FAVORS_COMPARATOR
MEDIUM,D4_COMBINED,NEAREST_EXIT,POPULATION_HAZARD_EXPOSURE,person-seconds,40,-110.66180306,17.70035966,2.7986726,-108.85976356,-118.27584947,-100.96064929,-116.32265271,-105.00095341,-39.54081774,39,0,0,-6.25195223,40,40,0,0,1.8189894035458565e-12,3.055902197957039e-10,false,ADAPTIVE_BETTER,ROBUST_DIRECTION_FAVORS_ADAPTIVE
MEDIUM,D4_COMBINED,STATIC_SHORTEST_PATH,TOTAL_EVACUATION_TIME,seconds,40,36.09625,9.37826447,1.48283381,36.925,31.7125,41.475,33.09693551,39.09556449,24.34274813,39,0,0,3.84892643,40,0,0,40,1.8189894035458565e-12,3.055902197957039e-10,false,ADAPTIVE_WORSE,ROBUST_DIRECTION_FAVORS_COMPARATOR
MEDIUM,D4_COMBINED,STATIC_SHORTEST_PATH,POPULATION_HAZARD_EXPOSURE,person-seconds,40,-107.07446432,16.04969181,2.53767909,-103.99706846,-116.62645129,-99.43632561,-112.20740478,-101.94152386,-42.19385524,39,0,0,-6.67143429,40,40,0,0,1.8189894035458565e-12,3.055902197957039e-10,false,ADAPTIVE_BETTER,ROBUST_DIRECTION_FAVORS_ADAPTIVE
MEDIUM,D4_COMBINED,CONGESTION_AWARE,TOTAL_EVACUATION_TIME,seconds,40,36.02125,9.3659701,1.4808899,36.925,31.625,41.2375,33.02586745,39.01663255,24.32405677,39,0,0,3.84597107,40,0,0,40,1.8189894035458565e-12,3.055902197957039e-10,false,ADAPTIVE_WORSE,ROBUST_DIRECTION_FAVORS_COMPARATOR
MEDIUM,D4_COMBINED,CONGESTION_AWARE,POPULATION_HAZARD_EXPOSURE,person-seconds,40,-85.84807119,14.66578889,2.31886483,-84.26029705,-94.94582398,-77.54011989,-90.53841802,-81.15772436,-37.02159355,39,0,0,-5.85362791,40,40,0,0,1.8189894035458565e-12,3.055902197957039e-10,false,ADAPTIVE_BETTER,ROBUST_DIRECTION_FAVORS_ADAPTIVE
MEDIUM,D4_COMBINED,HAZARD_AWARE,TOTAL_EVACUATION_TIME,seconds,40,-2.3925,7.41437058,1.17231492,0,0,0,-4.76373075,-0.02126925,-2.04083387,39,0.04807701879115012,1,-0.32268417,7,7,33,0,0.015625,1,false,NO_CORRECTED_EVIDENCE,NOT_SIGNIFICANT_AFTER_HOLM
MEDIUM,D4_COMBINED,HAZARD_AWARE,POPULATION_HAZARD_EXPOSURE,person-seconds,40,-5.685835,7.63156138,1.2066558,0,-11.7913424,0,-8.12652674,-3.24514327,-4.71206038,39,0.00003093228243367108,0.003959332151509898,-0.74504216,16,16,24,0,0.000030517578125,0.00396728515625,false,ADAPTIVE_BETTER,ROBUST_DIRECTION_FAVORS_ADAPTIVE
MEDIUM,D5_EXIT_BLOCK_WEST,NEAREST_EXIT,TOTAL_EVACUATION_TIME,seconds,40,0.16125,0.44136843,0.06978648,0.3,0,0.3125,0.02009353,0.30240647,2.31061961,39,0.02623087390204959,1,0.36534104,31,4,9,27,0.0000339532271027565,0.0043799662962555885,false,NO_CORRECTED_EVIDENCE,ROBUST_DIRECTION_FAVORS_COMPARATOR
MEDIUM,D5_EXIT_BLOCK_WEST,NEAREST_EXIT,POPULATION_HAZARD_EXPOSURE,person-seconds,40,0,0,0,0,0,0,0,0,0,39,1,1,0,0,0,40,0,1,1,true,EXACT_TIE,NOT_SIGNIFICANT_AFTER_HOLM
MEDIUM,D5_EXIT_BLOCK_WEST,STATIC_SHORTEST_PATH,TOTAL_EVACUATION_TIME,seconds,40,0.16125,0.44136843,0.06978648,0.3,0,0.3125,0.02009353,0.30240647,2.31061961,39,0.02623087390204959,1,0.36534104,31,4,9,27,0.0000339532271027565,0.0043799662962555885,false,NO_CORRECTED_EVIDENCE,ROBUST_DIRECTION_FAVORS_COMPARATOR
MEDIUM,D5_EXIT_BLOCK_WEST,STATIC_SHORTEST_PATH,POPULATION_HAZARD_EXPOSURE,person-seconds,40,0,0,0,0,0,0,0,0,0,39,1,1,0,0,0,40,0,1,1,true,EXACT_TIE,NOT_SIGNIFICANT_AFTER_HOLM
MEDIUM,D5_EXIT_BLOCK_WEST,CONGESTION_AWARE,TOTAL_EVACUATION_TIME,seconds,40,0.19125,0.37053106,0.05858611,0.1,0,0.4,0.07274842,0.30975158,3.26442591,39,0.002287103633564991,0.2790266432949289,0.51615106,28,6,12,22,0.0037191659212112427,0.45001907646656036,false,NO_CORRECTED_EVIDENCE,NOT_SIGNIFICANT_AFTER_HOLM
MEDIUM,D5_EXIT_BLOCK_WEST,CONGESTION_AWARE,POPULATION_HAZARD_EXPOSURE,person-seconds,40,0,0,0,0,0,0,0,0,0,39,1,1,0,0,0,40,0,1,1,true,EXACT_TIE,NOT_SIGNIFICANT_AFTER_HOLM
MEDIUM,D5_EXIT_BLOCK_WEST,HAZARD_AWARE,TOTAL_EVACUATION_TIME,seconds,40,0.16125,0.44136843,0.06978648,0.3,0,0.3125,0.02009353,0.30240647,2.31061961,39,0.02623087390204959,1,0.36534104,31,4,9,27,0.0000339532271027565,0.0043799662962555885,false,NO_CORRECTED_EVIDENCE,ROBUST_DIRECTION_FAVORS_COMPARATOR
MEDIUM,D5_EXIT_BLOCK_WEST,HAZARD_AWARE,POPULATION_HAZARD_EXPOSURE,person-seconds,40,0,0,0,0,0,0,0,0,0,39,1,1,0,0,0,40,0,1,1,true,EXACT_TIE,NOT_SIGNIFICANT_AFTER_HOLM
MEDIUM,D6_CORRIDOR_BLOCK_EAST_SOUTHEAST,NEAREST_EXIT,TOTAL_EVACUATION_TIME,seconds,40,-0.16125,0.18344548,0.02900528,0,-0.35,0,-0.21991871,-0.10258129,-5.55933323,39,0.0000021186384000504432,0.00027754163040660806,-0.87900776,20,19,20,1,0.0000400543212890625,0.005046844482421875,false,ADAPTIVE_BETTER,ROBUST_DIRECTION_FAVORS_ADAPTIVE
MEDIUM,D6_CORRIDOR_BLOCK_EAST_SOUTHEAST,NEAREST_EXIT,POPULATION_HAZARD_EXPOSURE,person-seconds,40,0,0,0,0,0,0,0,0,0,39,1,1,0,0,0,40,0,1,1,true,EXACT_TIE,NOT_SIGNIFICANT_AFTER_HOLM
MEDIUM,D6_CORRIDOR_BLOCK_EAST_SOUTHEAST,STATIC_SHORTEST_PATH,TOTAL_EVACUATION_TIME,seconds,40,-0.16125,0.18344548,0.02900528,0,-0.35,0,-0.21991871,-0.10258129,-5.55933323,39,0.0000021186384000504432,0.00027754163040660806,-0.87900776,20,19,20,1,0.0000400543212890625,0.005046844482421875,false,ADAPTIVE_BETTER,ROBUST_DIRECTION_FAVORS_ADAPTIVE
MEDIUM,D6_CORRIDOR_BLOCK_EAST_SOUTHEAST,STATIC_SHORTEST_PATH,POPULATION_HAZARD_EXPOSURE,person-seconds,40,0,0,0,0,0,0,0,0,0,39,1,1,0,0,0,40,0,1,1,true,EXACT_TIE,NOT_SIGNIFICANT_AFTER_HOLM
MEDIUM,D6_CORRIDOR_BLOCK_EAST_SOUTHEAST,CONGESTION_AWARE,TOTAL_EVACUATION_TIME,seconds,40,0,0,0,0,0,0,0,0,0,39,1,1,0,0,0,40,0,1,1,true,EXACT_TIE,NOT_SIGNIFICANT_AFTER_HOLM
MEDIUM,D6_CORRIDOR_BLOCK_EAST_SOUTHEAST,CONGESTION_AWARE,POPULATION_HAZARD_EXPOSURE,person-seconds,40,0,0,0,0,0,0,0,0,0,39,1,1,0,0,0,40,0,1,1,true,EXACT_TIE,NOT_SIGNIFICANT_AFTER_HOLM
MEDIUM,D6_CORRIDOR_BLOCK_EAST_SOUTHEAST,HAZARD_AWARE,TOTAL_EVACUATION_TIME,seconds,40,-0.16125,0.18344548,0.02900528,0,-0.35,0,-0.21991871,-0.10258129,-5.55933323,39,0.0000021186384000504432,0.00027754163040660806,-0.87900776,20,19,20,1,0.0000400543212890625,0.005046844482421875,false,ADAPTIVE_BETTER,ROBUST_DIRECTION_FAVORS_ADAPTIVE
MEDIUM,D6_CORRIDOR_BLOCK_EAST_SOUTHEAST,HAZARD_AWARE,POPULATION_HAZARD_EXPOSURE,person-seconds,40,0,0,0,0,0,0,0,0,0,39,1,1,0,0,0,40,0,1,1,true,EXACT_TIE,NOT_SIGNIFICANT_AFTER_HOLM
HIGH,D0_BASELINE,NEAREST_EXIT,TOTAL_EVACUATION_TIME,seconds,40,0.22,1.39140217,0.22,0,0,0,-0.224992,0.664992,1,39,0.32347494517137987,1,0.15811388,1,0,39,1,1,1,false,NO_CORRECTED_EVIDENCE,NOT_SIGNIFICANT_AFTER_HOLM
HIGH,D0_BASELINE,NEAREST_EXIT,POPULATION_HAZARD_EXPOSURE,person-seconds,40,0,0,0,0,0,0,0,0,0,39,1,1,0,0,0,40,0,1,1,true,EXACT_TIE,NOT_SIGNIFICANT_AFTER_HOLM
HIGH,D0_BASELINE,STATIC_SHORTEST_PATH,TOTAL_EVACUATION_TIME,seconds,40,0.22,1.39140217,0.22,0,0,0,-0.224992,0.664992,1,39,0.32347494517137987,1,0.15811388,1,0,39,1,1,1,false,NO_CORRECTED_EVIDENCE,NOT_SIGNIFICANT_AFTER_HOLM
HIGH,D0_BASELINE,STATIC_SHORTEST_PATH,POPULATION_HAZARD_EXPOSURE,person-seconds,40,0,0,0,0,0,0,0,0,0,39,1,1,0,0,0,40,0,1,1,true,EXACT_TIE,NOT_SIGNIFICANT_AFTER_HOLM
HIGH,D0_BASELINE,CONGESTION_AWARE,TOTAL_EVACUATION_TIME,seconds,40,-0.01125,0.07115125,0.01125,0,0,0,-0.03400527,0.01150527,-1,39,0.32347494517137987,1,-0.15811388,1,1,39,0,1,1,false,NO_CORRECTED_EVIDENCE,NOT_SIGNIFICANT_AFTER_HOLM
HIGH,D0_BASELINE,CONGESTION_AWARE,POPULATION_HAZARD_EXPOSURE,person-seconds,40,0,0,0,0,0,0,0,0,0,39,1,1,0,0,0,40,0,1,1,true,EXACT_TIE,NOT_SIGNIFICANT_AFTER_HOLM
HIGH,D0_BASELINE,HAZARD_AWARE,TOTAL_EVACUATION_TIME,seconds,40,0.22,1.39140217,0.22,0,0,0,-0.224992,0.664992,1,39,0.32347494517137987,1,0.15811388,1,0,39,1,1,1,false,NO_CORRECTED_EVIDENCE,NOT_SIGNIFICANT_AFTER_HOLM
HIGH,D0_BASELINE,HAZARD_AWARE,POPULATION_HAZARD_EXPOSURE,person-seconds,40,0,0,0,0,0,0,0,0,0,39,1,1,0,0,0,40,0,1,1,true,EXACT_TIE,NOT_SIGNIFICANT_AFTER_HOLM
HIGH,D1_HAZARD,NEAREST_EXIT,TOTAL_EVACUATION_TIME,seconds,40,16.99375,11.55230684,1.82658009,15.875,9.8625,21.5875,13.29914303,20.68835697,9.30358875,39,1.897215717860945e-11,2.618157690648104e-9,1.47102654,40,0,0,40,1.8189894035458565e-12,3.055902197957039e-10,false,ADAPTIVE_WORSE,ROBUST_DIRECTION_FAVORS_COMPARATOR
HIGH,D1_HAZARD,NEAREST_EXIT,POPULATION_HAZARD_EXPOSURE,person-seconds,40,-87.9040739,8.45745049,1.33724034,-87.24270437,-93.23413941,-81.6226782,-90.60889778,-85.19925001,-65.73543398,39,0,0,-10.39368472,40,40,0,0,1.8189894035458565e-12,3.055902197957039e-10,false,ADAPTIVE_BETTER,ROBUST_DIRECTION_FAVORS_ADAPTIVE
HIGH,D1_HAZARD,STATIC_SHORTEST_PATH,TOTAL_EVACUATION_TIME,seconds,40,16.99375,11.55230684,1.82658009,15.875,9.8625,21.5875,13.29914303,20.68835697,9.30358875,39,1.897215717860945e-11,2.618157690648104e-9,1.47102654,40,0,0,40,1.8189894035458565e-12,3.055902197957039e-10,false,ADAPTIVE_WORSE,ROBUST_DIRECTION_FAVORS_COMPARATOR
HIGH,D1_HAZARD,STATIC_SHORTEST_PATH,POPULATION_HAZARD_EXPOSURE,person-seconds,40,-87.9040739,8.45745049,1.33724034,-87.24270437,-93.23413941,-81.6226782,-90.60889778,-85.19925001,-65.73543398,39,0,0,-10.39368472,40,40,0,0,1.8189894035458565e-12,3.055902197957039e-10,false,ADAPTIVE_BETTER,ROBUST_DIRECTION_FAVORS_ADAPTIVE
HIGH,D1_HAZARD,CONGESTION_AWARE,TOTAL_EVACUATION_TIME,seconds,40,16.7625,11.80681436,1.86682126,15.875,9.8625,21.5875,12.98649758,20.53850242,8.97916706,39,4.9261927870247746e-11,6.55183640674295e-9,1.41973097,40,1,0,39,7.457856554538012e-11,9.918949217535555e-9,false,ADAPTIVE_WORSE,ROBUST_DIRECTION_FAVORS_COMPARATOR
HIGH,D1_HAZARD,CONGESTION_AWARE,POPULATION_HAZARD_EXPOSURE,person-seconds,40,-88.50434305,9.65374069,1.52639043,-87.99693216,-93.23413941,-81.6226782,-91.59175911,-85.41692699,-57.9827687,39,0,0,-9.16788071,40,40,0,0,1.8189894035458565e-12,3.055902197957039e-10,false,ADAPTIVE_BETTER,ROBUST_DIRECTION_FAVORS_ADAPTIVE
HIGH,D1_HAZARD,HAZARD_AWARE,TOTAL_EVACUATION_TIME,seconds,40,0,0,0,0,0,0,0,0,0,39,1,1,0,0,0,40,0,1,1,true,EXACT_TIE,NOT_SIGNIFICANT_AFTER_HOLM
HIGH,D1_HAZARD,HAZARD_AWARE,POPULATION_HAZARD_EXPOSURE,person-seconds,40,-0.20256699,0.3401177,0.05377733,-0.09071969,-0.25789055,0,-0.31134191,-0.09379207,-3.76677291,39,0.0005462185686961885,0.06882353965571975,-0.59557909,27,25,13,2,0.000005647540092468262,0.0007398277521133423,false,NO_CORRECTED_EVIDENCE,ROBUST_DIRECTION_FAVORS_ADAPTIVE
HIGH,D2_EXIT_BLOCK,NEAREST_EXIT,TOTAL_EVACUATION_TIME,seconds,40,0.04125,0.31109556,0.04918853,0,0,0,-0.05824319,0.14074319,0.83861019,39,0.4067988416700512,1,0.13259591,7,2,33,5,0.453125,1,false,NO_CORRECTED_EVIDENCE,NOT_SIGNIFICANT_AFTER_HOLM
HIGH,D2_EXIT_BLOCK,NEAREST_EXIT,POPULATION_HAZARD_EXPOSURE,person-seconds,40,0,0,0,0,0,0,0,0,0,39,1,1,0,0,0,40,0,1,1,true,EXACT_TIE,NOT_SIGNIFICANT_AFTER_HOLM
HIGH,D2_EXIT_BLOCK,STATIC_SHORTEST_PATH,TOTAL_EVACUATION_TIME,seconds,40,0.07375,0.29892703,0.04726451,0,0,0,-0.0218515,0.1693515,1.56036725,39,0.12675210969464,1,0.24671573,7,2,33,5,0.453125,1,false,NO_CORRECTED_EVIDENCE,NOT_SIGNIFICANT_AFTER_HOLM
HIGH,D2_EXIT_BLOCK,STATIC_SHORTEST_PATH,POPULATION_HAZARD_EXPOSURE,person-seconds,40,0,0,0,0,0,0,0,0,0,39,1,1,0,0,0,40,0,1,1,true,EXACT_TIE,NOT_SIGNIFICANT_AFTER_HOLM
HIGH,D2_EXIT_BLOCK,CONGESTION_AWARE,TOTAL_EVACUATION_TIME,seconds,40,-0.04,0.47247304,0.07470455,0,-0.3,0,-0.19110421,0.11110421,-0.53544265,39,0.5953842038241441,1,-0.08466092,21,16,19,5,0.02660369873046875,1,false,NO_CORRECTED_EVIDENCE,NOT_SIGNIFICANT_AFTER_HOLM
HIGH,D2_EXIT_BLOCK,CONGESTION_AWARE,POPULATION_HAZARD_EXPOSURE,person-seconds,40,0,0,0,0,0,0,0,0,0,39,1,1,0,0,0,40,0,1,1,true,EXACT_TIE,NOT_SIGNIFICANT_AFTER_HOLM
HIGH,D2_EXIT_BLOCK,HAZARD_AWARE,TOTAL_EVACUATION_TIME,seconds,40,0.07375,0.29892703,0.04726451,0,0,0,-0.0218515,0.1693515,1.56036725,39,0.12675210969464,1,0.24671573,7,2,33,5,0.453125,1,false,NO_CORRECTED_EVIDENCE,NOT_SIGNIFICANT_AFTER_HOLM
HIGH,D2_EXIT_BLOCK,HAZARD_AWARE,POPULATION_HAZARD_EXPOSURE,person-seconds,40,0,0,0,0,0,0,0,0,0,39,1,1,0,0,0,40,0,1,1,true,EXACT_TIE,NOT_SIGNIFICANT_AFTER_HOLM
HIGH,D3_CORRIDOR_BLOCK,NEAREST_EXIT,TOTAL_EVACUATION_TIME,seconds,40,0,0,0,0,0,0,0,0,0,39,1,1,0,0,0,40,0,1,1,true,EXACT_TIE,NOT_SIGNIFICANT_AFTER_HOLM
HIGH,D3_CORRIDOR_BLOCK,NEAREST_EXIT,POPULATION_HAZARD_EXPOSURE,person-seconds,40,0,0,0,0,0,0,0,0,0,39,1,1,0,0,0,40,0,1,1,true,EXACT_TIE,NOT_SIGNIFICANT_AFTER_HOLM
HIGH,D3_CORRIDOR_BLOCK,STATIC_SHORTEST_PATH,TOTAL_EVACUATION_TIME,seconds,40,0,0,0,0,0,0,0,0,0,39,1,1,0,0,0,40,0,1,1,true,EXACT_TIE,NOT_SIGNIFICANT_AFTER_HOLM
HIGH,D3_CORRIDOR_BLOCK,STATIC_SHORTEST_PATH,POPULATION_HAZARD_EXPOSURE,person-seconds,40,0,0,0,0,0,0,0,0,0,39,1,1,0,0,0,40,0,1,1,true,EXACT_TIE,NOT_SIGNIFICANT_AFTER_HOLM
HIGH,D3_CORRIDOR_BLOCK,CONGESTION_AWARE,TOTAL_EVACUATION_TIME,seconds,40,-0.02625,0.16601958,0.02625,0,0,0,-0.07934564,0.02684564,-1,39,0.32347494517137987,1,-0.15811388,1,1,39,0,1,1,false,NO_CORRECTED_EVIDENCE,NOT_SIGNIFICANT_AFTER_HOLM
HIGH,D3_CORRIDOR_BLOCK,CONGESTION_AWARE,POPULATION_HAZARD_EXPOSURE,person-seconds,40,0,0,0,0,0,0,0,0,0,39,1,1,0,0,0,40,0,1,1,true,EXACT_TIE,NOT_SIGNIFICANT_AFTER_HOLM
HIGH,D3_CORRIDOR_BLOCK,HAZARD_AWARE,TOTAL_EVACUATION_TIME,seconds,40,0,0,0,0,0,0,0,0,0,39,1,1,0,0,0,40,0,1,1,true,EXACT_TIE,NOT_SIGNIFICANT_AFTER_HOLM
HIGH,D3_CORRIDOR_BLOCK,HAZARD_AWARE,POPULATION_HAZARD_EXPOSURE,person-seconds,40,0,0,0,0,0,0,0,0,0,39,1,1,0,0,0,40,0,1,1,true,EXACT_TIE,NOT_SIGNIFICANT_AFTER_HOLM
HIGH,D4_COMBINED,NEAREST_EXIT,TOTAL_EVACUATION_TIME,seconds,40,38.9125,9.32424982,1.47429334,38.875,35.8875,43.475,35.93046024,41.89453976,26.394001,39,0,0,4.17325799,40,0,0,40,1.8189894035458565e-12,3.055902197957039e-10,false,ADAPTIVE_WORSE,ROBUST_DIRECTION_FAVORS_COMPARATOR
HIGH,D4_COMBINED,NEAREST_EXIT,POPULATION_HAZARD_EXPOSURE,person-seconds,40,-208.03462911,27.57947939,4.36069858,-207.20467845,-228.33860827,-192.32224621,-216.85497453,-199.21428369,-47.7067207,39,0,0,-7.54309486,40,40,0,0,1.8189894035458565e-12,3.055902197957039e-10,false,ADAPTIVE_BETTER,ROBUST_DIRECTION_FAVORS_ADAPTIVE
HIGH,D4_COMBINED,STATIC_SHORTEST_PATH,TOTAL_EVACUATION_TIME,seconds,40,38.945,9.49928337,1.50196858,38.875,35.8875,43.3625,35.90698179,41.98301821,25.92930406,39,0,0,4.09978295,40,0,0,40,1.8189894035458565e-12,3.055902197957039e-10,false,ADAPTIVE_WORSE,ROBUST_DIRECTION_FAVORS_COMPARATOR
HIGH,D4_COMBINED,STATIC_SHORTEST_PATH,POPULATION_HAZARD_EXPOSURE,person-seconds,40,-203.51900334,25.50633986,4.03290644,-200.81726737,-219.40917905,-189.20096746,-211.67632657,-195.36168011,-50.46459831,39,0,0,-7.97915359,40,40,0,0,1.8189894035458565e-12,3.055902197957039e-10,false,ADAPTIVE_BETTER,ROBUST_DIRECTION_FAVORS_ADAPTIVE
HIGH,D4_COMBINED,CONGESTION_AWARE,TOTAL_EVACUATION_TIME,seconds,40,38.83125,9.40547227,1.48713574,38.725,35.8875,43.175,35.82323404,41.83926596,26.11143616,39,0,0,4.12858056,40,0,0,40,1.8189894035458565e-12,3.055902197957039e-10,false,ADAPTIVE_WORSE,ROBUST_DIRECTION_FAVORS_COMPARATOR
HIGH,D4_COMBINED,CONGESTION_AWARE,POPULATION_HAZARD_EXPOSURE,person-seconds,40,-163.06846004,24.3634649,3.85220204,-161.96072179,-178.27435123,-144.81963104,-170.86027412,-155.27664595,-42.33123246,39,0,0,-6.69315554,40,40,0,0,1.8189894035458565e-12,3.055902197957039e-10,false,ADAPTIVE_BETTER,ROBUST_DIRECTION_FAVORS_ADAPTIVE
HIGH,D4_COMBINED,HAZARD_AWARE,TOTAL_EVACUATION_TIME,seconds,40,-4.185,10.25255565,1.62107139,0,-0.375,0,-7.46392637,-0.90607363,-2.58162598,39,0.013706658022872853,1,-0.40819091,15,15,25,0,0.00006103515625,0.00750732421875,false,NO_CORRECTED_EVIDENCE,ROBUST_DIRECTION_FAVORS_ADAPTIVE
HIGH,D4_COMBINED,HAZARD_AWARE,POPULATION_HAZARD_EXPOSURE,person-seconds,40,-14.92938029,14.00791254,2.21484544,-12.12753491,-26.37721006,0,-19.40932806,-10.44943252,-6.74059688,39,4.8754505765913336e-8,0.00000643559476110056,-1.06578195,27,27,13,0,1.4901161193847656e-8,0.0000019669532775878906,false,ADAPTIVE_BETTER,ROBUST_DIRECTION_FAVORS_ADAPTIVE
HIGH,D5_EXIT_BLOCK_WEST,NEAREST_EXIT,TOTAL_EVACUATION_TIME,seconds,40,0.035,0.39324423,0.06217737,0,0,0.3,-0.09076561,0.16076561,0.56290574,39,0.5767210205898201,1,0.08900321,26,8,14,18,0.07551869750022888,1,false,NO_CORRECTED_EVIDENCE,NOT_SIGNIFICANT_AFTER_HOLM
HIGH,D5_EXIT_BLOCK_WEST,NEAREST_EXIT,POPULATION_HAZARD_EXPOSURE,person-seconds,40,0,0,0,0,0,0,0,0,0,39,1,1,0,0,0,40,0,1,1,true,EXACT_TIE,NOT_SIGNIFICANT_AFTER_HOLM
HIGH,D5_EXIT_BLOCK_WEST,STATIC_SHORTEST_PATH,TOTAL_EVACUATION_TIME,seconds,40,0.035,0.39324423,0.06217737,0,0,0.3,-0.09076561,0.16076561,0.56290574,39,0.5767210205898201,1,0.08900321,26,8,14,18,0.07551869750022888,1,false,NO_CORRECTED_EVIDENCE,NOT_SIGNIFICANT_AFTER_HOLM
HIGH,D5_EXIT_BLOCK_WEST,STATIC_SHORTEST_PATH,POPULATION_HAZARD_EXPOSURE,person-seconds,40,0,0,0,0,0,0,0,0,0,39,1,1,0,0,0,40,0,1,1,true,EXACT_TIE,NOT_SIGNIFICANT_AFTER_HOLM
HIGH,D5_EXIT_BLOCK_WEST,CONGESTION_AWARE,TOTAL_EVACUATION_TIME,seconds,40,0.01625,0.20674135,0.03268868,0,0,0.1125,-0.04986909,0.08236909,0.49711401,39,0.6218996607147145,1,0.07860063,20,9,20,11,0.8238029479980469,1,false,NO_CORRECTED_EVIDENCE,NOT_SIGNIFICANT_AFTER_HOLM
HIGH,D5_EXIT_BLOCK_WEST,CONGESTION_AWARE,POPULATION_HAZARD_EXPOSURE,person-seconds,40,0,0,0,0,0,0,0,0,0,39,1,1,0,0,0,40,0,1,1,true,EXACT_TIE,NOT_SIGNIFICANT_AFTER_HOLM
HIGH,D5_EXIT_BLOCK_WEST,HAZARD_AWARE,TOTAL_EVACUATION_TIME,seconds,40,0.035,0.39324423,0.06217737,0,0,0.3,-0.09076561,0.16076561,0.56290574,39,0.5767210205898201,1,0.08900321,26,8,14,18,0.07551869750022888,1,false,NO_CORRECTED_EVIDENCE,NOT_SIGNIFICANT_AFTER_HOLM
HIGH,D5_EXIT_BLOCK_WEST,HAZARD_AWARE,POPULATION_HAZARD_EXPOSURE,person-seconds,40,0,0,0,0,0,0,0,0,0,39,1,1,0,0,0,40,0,1,1,true,EXACT_TIE,NOT_SIGNIFICANT_AFTER_HOLM
HIGH,D6_CORRIDOR_BLOCK_EAST_SOUTHEAST,NEAREST_EXIT,TOTAL_EVACUATION_TIME,seconds,40,-0.15625,0.41031375,0.0648763,-0.275,-0.35,0,-0.2874747,-0.0250253,-2.40842958,39,0.020846271938548266,1,-0.38080615,31,23,9,8,0.010673840530216694,1,false,NO_CORRECTED_EVIDENCE,NOT_SIGNIFICANT_AFTER_HOLM
HIGH,D6_CORRIDOR_BLOCK_EAST_SOUTHEAST,NEAREST_EXIT,POPULATION_HAZARD_EXPOSURE,person-seconds,40,0,0,0,0,0,0,0,0,0,39,1,1,0,0,0,40,0,1,1,true,EXACT_TIE,NOT_SIGNIFICANT_AFTER_HOLM
HIGH,D6_CORRIDOR_BLOCK_EAST_SOUTHEAST,STATIC_SHORTEST_PATH,TOTAL_EVACUATION_TIME,seconds,40,-0.15625,0.41031375,0.0648763,-0.275,-0.35,0,-0.2874747,-0.0250253,-2.40842958,39,0.020846271938548266,1,-0.38080615,31,23,9,8,0.010673840530216694,1,false,NO_CORRECTED_EVIDENCE,NOT_SIGNIFICANT_AFTER_HOLM
HIGH,D6_CORRIDOR_BLOCK_EAST_SOUTHEAST,STATIC_SHORTEST_PATH,POPULATION_HAZARD_EXPOSURE,person-seconds,40,0,0,0,0,0,0,0,0,0,39,1,1,0,0,0,40,0,1,1,true,EXACT_TIE,NOT_SIGNIFICANT_AFTER_HOLM
HIGH,D6_CORRIDOR_BLOCK_EAST_SOUTHEAST,CONGESTION_AWARE,TOTAL_EVACUATION_TIME,seconds,40,0,0,0,0,0,0,0,0,0,39,1,1,0,0,0,40,0,1,1,true,EXACT_TIE,NOT_SIGNIFICANT_AFTER_HOLM
HIGH,D6_CORRIDOR_BLOCK_EAST_SOUTHEAST,CONGESTION_AWARE,POPULATION_HAZARD_EXPOSURE,person-seconds,40,0,0,0,0,0,0,0,0,0,39,1,1,0,0,0,40,0,1,1,true,EXACT_TIE,NOT_SIGNIFICANT_AFTER_HOLM
HIGH,D6_CORRIDOR_BLOCK_EAST_SOUTHEAST,HAZARD_AWARE,TOTAL_EVACUATION_TIME,seconds,40,-0.15625,0.41031375,0.0648763,-0.275,-0.35,0,-0.2874747,-0.0250253,-2.40842958,39,0.020846271938548266,1,-0.38080615,31,23,9,8,0.010673840530216694,1,false,NO_CORRECTED_EVIDENCE,NOT_SIGNIFICANT_AFTER_HOLM
HIGH,D6_CORRIDOR_BLOCK_EAST_SOUTHEAST,HAZARD_AWARE,POPULATION_HAZARD_EXPOSURE,person-seconds,40,0,0,0,0,0,0,0,0,0,39,1,1,0,0,0,40,0,1,1,true,EXACT_TIE,NOT_SIGNIFICANT_AFTER_HOLM
