populationLevel,conditionId,strategyId,n,evacuationMeanSeconds,evacuationSdSeconds,evacuationMinSeconds,evacuationQ1Seconds,evacuationMedianSeconds,evacuationQ3Seconds,evacuationMaxSeconds,hazardExposureMeanPersonSeconds,hazardExposureSdPersonSeconds,hazardExposureMinPersonSeconds,hazardExposureQ1PersonSeconds,hazardExposureMedianPersonSeconds,hazardExposureQ3PersonSeconds,hazardExposureMaxPersonSeconds
LOW,D0_BASELINE,NEAREST_EXIT,40,40.30625,7.220849,30.15,36.1,38.5,43.05,66.6,0,0,0,0,0,0,0
LOW,D0_BASELINE,STATIC_SHORTEST_PATH,40,40.30625,7.220849,30.15,36.1,38.5,43.05,66.6,0,0,0,0,0,0,0
LOW,D0_BASELINE,CONGESTION_AWARE,40,40.30625,7.220849,30.15,36.1,38.5,43.05,66.6,0,0,0,0,0,0,0
LOW,D0_BASELINE,HAZARD_AWARE,40,40.30625,7.220849,30.15,36.1,38.5,43.05,66.6,0,0,0,0,0,0,0
LOW,D0_BASELINE,ADAPTIVE_HYBRID,40,40.30625,7.220849,30.15,36.1,38.5,43.05,66.6,0,0,0,0,0,0,0
LOW,D1_HAZARD,NEAREST_EXIT,40,40.30625,7.220849,30.15,36.1,38.5,43.05,66.6,41.843008,8.440868,25.164259,35.81358,40.078837,46.561547,60.847995
LOW,D1_HAZARD,STATIC_SHORTEST_PATH,40,40.30625,7.220849,30.15,36.1,38.5,43.05,66.6,41.843008,8.440868,25.164259,35.81358,40.078837,46.561547,60.847995
LOW,D1_HAZARD,CONGESTION_AWARE,40,40.30625,7.220849,30.15,36.1,38.5,43.05,66.6,41.843008,8.440868,25.164259,35.81358,40.078837,46.561547,60.847995
LOW,D1_HAZARD,HAZARD_AWARE,40,56.8475,9.410441,44.25,49.375,53.85,62.35,80.45,26.042306,6.213361,14.549172,22.509084,24.402926,30.811064,38.903942
LOW,D1_HAZARD,ADAPTIVE_HYBRID,40,56.8475,9.410441,44.25,49.375,53.85,62.35,80.45,26.042157,6.21312,14.549172,22.509084,24.402926,30.811064,38.903942
LOW,D2_EXIT_BLOCK,NEAREST_EXIT,40,60.65625,8.089667,52.45,55.6125,58.55,63.625,93.4,0,0,0,0,0,0,0
LOW,D2_EXIT_BLOCK,STATIC_SHORTEST_PATH,40,60.59875,8.003497,52.45,55.6125,58.55,63.625,93.4,0,0,0,0,0,0,0
LOW,D2_EXIT_BLOCK,CONGESTION_AWARE,40,60.7275,7.982408,52.4,55.6125,58.825,63.625,93.4,0,0,0,0,0,0,0
LOW,D2_EXIT_BLOCK,HAZARD_AWARE,40,60.59875,8.003497,52.45,55.6125,58.55,63.625,93.4,0,0,0,0,0,0,0
LOW,D2_EXIT_BLOCK,ADAPTIVE_HYBRID,40,60.59875,8.003497,52.45,55.6125,58.55,63.625,93.4,0,0,0,0,0,0,0
LOW,D3_CORRIDOR_BLOCK,NEAREST_EXIT,40,45.86375,10.409192,30.15,37.05,45.9,52.6875,70,0,0,0,0,0,0,0
LOW,D3_CORRIDOR_BLOCK,STATIC_SHORTEST_PATH,40,45.86375,10.409192,30.15,37.05,45.9,52.6875,70,0,0,0,0,0,0,0
LOW,D3_CORRIDOR_BLOCK,CONGESTION_AWARE,40,45.86375,10.409192,30.15,37.05,45.9,52.6875,70,0,0,0,0,0,0,0
LOW,D3_CORRIDOR_BLOCK,HAZARD_AWARE,40,45.86375,10.409192,30.15,37.05,45.9,52.6875,70,0,0,0,0,0,0,0
LOW,D3_CORRIDOR_BLOCK,ADAPTIVE_HYBRID,40,45.86375,10.409192,30.15,37.05,45.9,52.6875,70,0,0,0,0,0,0,0
LOW,D4_COMBINED,NEAREST_EXIT,40,60.65625,8.089667,52.45,55.6125,58.55,63.625,93.4,107.050494,21.297968,65.752386,94.926689,102.886881,118.773162,151.771723
LOW,D4_COMBINED,STATIC_SHORTEST_PATH,40,60.59875,8.003497,52.45,55.6125,58.55,63.625,93.4,106.624939,20.959025,65.752386,94.926689,102.886881,118.773162,151.771723
LOW,D4_COMBINED,CONGESTION_AWARE,40,60.7275,7.982408,52.4,55.6125,58.825,63.625,93.4,100.758008,19.693004,65.752386,90.115299,97.66663,109.02798,140.936163
LOW,D4_COMBINED,HAZARD_AWARE,40,97.37875,14.077614,80.85,87.5875,93.925,101.2125,144.85,73.460312,15.722422,38.365679,64.551453,71.393359,84.376128,106.349593
LOW,D4_COMBINED,ADAPTIVE_HYBRID,40,95.1475,12.360244,80.85,86.7625,92.55,98.4,144.85,72.209743,14.750543,38.365679,63.538385,70.165734,82.422269,106.349593
LOW,D5_EXIT_BLOCK_WEST,NEAREST_EXIT,40,59.73,9.111192,41.3,54.6125,57.425,60.8375,86.5,0,0,0,0,0,0,0
LOW,D5_EXIT_BLOCK_WEST,STATIC_SHORTEST_PATH,40,59.73,9.111192,41.3,54.6125,57.425,60.8375,86.5,0,0,0,0,0,0,0
LOW,D5_EXIT_BLOCK_WEST,CONGESTION_AWARE,40,59.87875,9.060204,41.7,54.8125,57.575,61.0625,86.5,0,0,0,0,0,0,0
LOW,D5_EXIT_BLOCK_WEST,HAZARD_AWARE,40,59.73,9.111192,41.3,54.6125,57.425,60.8375,86.5,0,0,0,0,0,0,0
LOW,D5_EXIT_BLOCK_WEST,ADAPTIVE_HYBRID,40,59.81875,9.131003,41.3,54.575,57.775,60.725,86.8,0,0,0,0,0,0,0
LOW,D6_CORRIDOR_BLOCK_EAST_SOUTHEAST,NEAREST_EXIT,40,46.3125,8.10658,34.15,40.35,44.675,49.475,68.95,0,0,0,0,0,0,0
LOW,D6_CORRIDOR_BLOCK_EAST_SOUTHEAST,STATIC_SHORTEST_PATH,40,46.3125,8.10658,34.15,40.35,44.675,49.475,68.95,0,0,0,0,0,0,0
LOW,D6_CORRIDOR_BLOCK_EAST_SOUTHEAST,CONGESTION_AWARE,40,46.305,8.093055,34.15,40.35,44.675,49.475,68.95,0,0,0,0,0,0,0
LOW,D6_CORRIDOR_BLOCK_EAST_SOUTHEAST,HAZARD_AWARE,40,46.3125,8.10658,34.15,40.35,44.675,49.475,68.95,0,0,0,0,0,0,0
LOW,D6_CORRIDOR_BLOCK_EAST_SOUTHEAST,ADAPTIVE_HYBRID,40,46.305,8.093055,34.15,40.35,44.675,49.475,68.95,0,0,0,0,0,0,0
MEDIUM,D0_BASELINE,NEAREST_EXIT,40,48.07125,8.769227,36.75,42.725,45.575,51.45,79.3,0,0,0,0,0,0,0
MEDIUM,D0_BASELINE,STATIC_SHORTEST_PATH,40,48.07125,8.769227,36.75,42.725,45.575,51.45,79.3,0,0,0,0,0,0,0
MEDIUM,D0_BASELINE,CONGESTION_AWARE,40,48.07125,8.769227,36.75,42.725,45.575,51.45,79.3,0,0,0,0,0,0,0
MEDIUM,D0_BASELINE,HAZARD_AWARE,40,48.07125,8.769227,36.75,42.725,45.575,51.45,79.3,0,0,0,0,0,0,0
MEDIUM,D0_BASELINE,ADAPTIVE_HYBRID,40,48.07125,8.769227,36.75,42.725,45.575,51.45,79.3,0,0,0,0,0,0,0
MEDIUM,D1_HAZARD,NEAREST_EXIT,40,48.07125,8.769227,36.75,42.725,45.575,51.45,79.3,132.265866,16.138155,104.337073,120.435697,131.796476,138.647355,174.25294
MEDIUM,D1_HAZARD,STATIC_SHORTEST_PATH,40,48.07125,8.769227,36.75,42.725,45.575,51.45,79.3,132.265866,16.138155,104.337073,120.435697,131.796476,138.647355,174.25294
MEDIUM,D1_HAZARD,CONGESTION_AWARE,40,48.07125,8.769227,36.75,42.725,45.575,51.45,79.3,132.174352,16.139474,104.337073,120.435697,131.148849,138.647355,174.25294
MEDIUM,D1_HAZARD,HAZARD_AWARE,40,66.86875,12.475472,49.05,60.7875,63.825,71.6875,119.9,84.001417,11.90671,62.412417,75.661109,82.014479,91.373625,114.653209
MEDIUM,D1_HAZARD,ADAPTIVE_HYBRID,40,66.86875,12.475472,49.05,60.7875,63.825,71.6875,119.9,83.957441,11.865057,62.412417,75.473484,82.014479,91.343738,114.653209
MEDIUM,D2_EXIT_BLOCK,NEAREST_EXIT,40,69.18625,8.44926,58.95,63.1875,66.65,73.55,93.55,0,0,0,0,0,0,0
MEDIUM,D2_EXIT_BLOCK,STATIC_SHORTEST_PATH,40,69.10375,8.426153,58.95,63.3375,66.6,73.5125,93.55,0,0,0,0,0,0,0
MEDIUM,D2_EXIT_BLOCK,CONGESTION_AWARE,40,69.17875,8.420563,58.95,63.3875,66.8,73.7,93.55,0,0,0,0,0,0,0
MEDIUM,D2_EXIT_BLOCK,HAZARD_AWARE,40,69.10375,8.426153,58.95,63.3375,66.6,73.5125,93.55,0,0,0,0,0,0,0
MEDIUM,D2_EXIT_BLOCK,ADAPTIVE_HYBRID,40,69.10375,8.426153,58.95,63.3375,66.6,73.5125,93.55,0,0,0,0,0,0,0
MEDIUM,D3_CORRIDOR_BLOCK,NEAREST_EXIT,40,55.69,7.049333,45.8,50.3375,53.925,60.0375,79.3,0,0,0,0,0,0,0
MEDIUM,D3_CORRIDOR_BLOCK,STATIC_SHORTEST_PATH,40,55.69,7.049333,45.8,50.3375,53.925,60.0375,79.3,0,0,0,0,0,0,0
MEDIUM,D3_CORRIDOR_BLOCK,CONGESTION_AWARE,40,55.69,7.049333,45.8,50.3375,53.925,60.0375,79.3,0,0,0,0,0,0,0
MEDIUM,D3_CORRIDOR_BLOCK,HAZARD_AWARE,40,55.69,7.049333,45.8,50.3375,53.925,60.0375,79.3,0,0,0,0,0,0,0
MEDIUM,D3_CORRIDOR_BLOCK,ADAPTIVE_HYBRID,40,55.69,7.049333,45.8,50.3375,53.925,60.0375,79.3,0,0,0,0,0,0,0
MEDIUM,D4_COMBINED,NEAREST_EXIT,40,69.18625,8.44926,58.95,63.1875,66.65,73.55,93.55,334.464227,36.310881,261.853164,313.399487,329.128937,353.814722,417.489844
MEDIUM,D4_COMBINED,STATIC_SHORTEST_PATH,40,69.10375,8.426153,58.95,63.3375,66.6,73.5125,93.55,330.876888,34.034421,261.853164,311.951851,325.469447,352.663107,414.159366
MEDIUM,D4_COMBINED,CONGESTION_AWARE,40,69.17875,8.420563,58.95,63.3875,66.8,73.7,93.55,309.650495,32.037624,248.300371,293.614357,302.926325,329.622237,387.470972
MEDIUM,D4_COMBINED,HAZARD_AWARE,40,107.5925,12.875013,88.2,100.475,104.525,114.6125,145.25,229.488259,25.006184,185.148047,215.543164,226.720706,241.929749,299.337085
MEDIUM,D4_COMBINED,ADAPTIVE_HYBRID,40,105.2,12.001677,88.2,98.9875,102.875,107.8375,145.25,223.802424,21.890636,185.148047,211.783606,221.210046,239.933107,284.783654
MEDIUM,D5_EXIT_BLOCK_WEST,NEAREST_EXIT,40,67.145,9.945659,55.5,59.625,63,72.825,93.1,0,0,0,0,0,0,0
MEDIUM,D5_EXIT_BLOCK_WEST,STATIC_SHORTEST_PATH,40,67.145,9.945659,55.5,59.625,63,72.825,93.1,0,0,0,0,0,0,0
MEDIUM,D5_EXIT_BLOCK_WEST,CONGESTION_AWARE,40,67.115,10.07768,54.45,59.1875,63.025,72.825,93.1,0,0,0,0,0,0,0
MEDIUM,D5_EXIT_BLOCK_WEST,HAZARD_AWARE,40,67.145,9.945659,55.5,59.625,63,72.825,93.1,0,0,0,0,0,0,0
MEDIUM,D5_EXIT_BLOCK_WEST,ADAPTIVE_HYBRID,40,67.30625,10.009631,55.05,59.8125,63.375,73.0875,93.4,0,0,0,0,0,0,0
MEDIUM,D6_CORRIDOR_BLOCK_EAST_SOUTHEAST,NEAREST_EXIT,40,54.05875,7.98007,39.7,49.6375,52.725,58.2875,82.2,0,0,0,0,0,0,0
MEDIUM,D6_CORRIDOR_BLOCK_EAST_SOUTHEAST,STATIC_SHORTEST_PATH,40,54.05875,7.98007,39.7,49.6375,52.725,58.2875,82.2,0,0,0,0,0,0,0
MEDIUM,D6_CORRIDOR_BLOCK_EAST_SOUTHEAST,CONGESTION_AWARE,40,53.8975,7.971085,39.7,49.25,52.65,57.9,82.2,0,0,0,0,0,0,0
MEDIUM,D6_CORRIDOR_BLOCK_EAST_SOUTHEAST,HAZARD_AWARE,40,54.05875,7.98007,39.7,49.6375,52.725,58.2875,82.2,0,0,0,0,0,0,0
MEDIUM,D6_CORRIDOR_BLOCK_EAST_SOUTHEAST,ADAPTIVE_HYBRID,40,53.8975,7.971085,39.7,49.25,52.65,57.9,82.2,0,0,0,0,0,0,0
HIGH,D0_BASELINE,NEAREST_EXIT,40,52.045,8.203641,40.95,46.2125,51.35,57.125,79.3,0,0,0,0,0,0,0
HIGH,D0_BASELINE,STATIC_SHORTEST_PATH,40,52.045,8.203641,40.95,46.2125,51.35,57.125,79.3,0,0,0,0,0,0,0
HIGH,D0_BASELINE,CONGESTION_AWARE,40,52.27625,8.202837,40.95,46.2125,51.425,57.125,79.3,0,0,0,0,0,0,0
HIGH,D0_BASELINE,HAZARD_AWARE,40,52.045,8.203641,40.95,46.2125,51.35,57.125,79.3,0,0,0,0,0,0,0
HIGH,D0_BASELINE,ADAPTIVE_HYBRID,40,52.265,8.214498,40.95,46.2125,51.425,57.125,79.3,0,0,0,0,0,0,0
HIGH,D1_HAZARD,NEAREST_EXIT,40,52.045,8.203641,40.95,46.2125,51.35,57.125,79.3,235.268596,19.458016,198.335107,220.46744,233.549497,248.478403,280.817039
HIGH,D1_HAZARD,STATIC_SHORTEST_PATH,40,52.045,8.203641,40.95,46.2125,51.35,57.125,79.3,235.268596,19.458016,198.335107,220.46744,233.549497,248.478403,280.817039
HIGH,D1_HAZARD,CONGESTION_AWARE,40,52.27625,8.202837,40.95,46.2125,51.425,57.125,79.3,235.868865,19.235131,198.335107,222.006967,234.842573,248.478403,280.817039
HIGH,D1_HAZARD,HAZARD_AWARE,40,69.03875,10.75589,56.05,62.5,66.3,71.6875,119.9,147.567089,15.502272,114.80312,137.094988,144.499084,158.443607,179.80996
HIGH,D1_HAZARD,ADAPTIVE_HYBRID,40,69.03875,10.75589,56.05,62.5,66.3,71.6875,119.9,147.364522,15.370946,114.80312,136.9164,144.352173,158.306618,179.652118
HIGH,D2_EXIT_BLOCK,NEAREST_EXIT,40,73.405,8.256014,59.5,67.15,72.6,77.425,93.7,0,0,0,0,0,0,0
HIGH,D2_EXIT_BLOCK,STATIC_SHORTEST_PATH,40,73.3725,8.125024,59.5,67.15,72.6,77.0625,93.7,0,0,0,0,0,0,0
HIGH,D2_EXIT_BLOCK,CONGESTION_AWARE,40,73.48625,8.191193,59.5,67.475,72.65,77.4875,93.7,0,0,0,0,0,0,0
HIGH,D2_EXIT_BLOCK,HAZARD_AWARE,40,73.3725,8.125024,59.5,67.15,72.6,77.0625,93.7,0,0,0,0,0,0,0
HIGH,D2_EXIT_BLOCK,ADAPTIVE_HYBRID,40,73.44625,8.178101,59.5,67.15,72.6,77.425,94.1,0,0,0,0,0,0,0
HIGH,D3_CORRIDOR_BLOCK,NEAREST_EXIT,40,59.76875,6.615054,47.65,56.125,59.3,65.05,79.3,0,0,0,0,0,0,0
HIGH,D3_CORRIDOR_BLOCK,STATIC_SHORTEST_PATH,40,59.76875,6.615054,47.65,56.125,59.3,65.05,79.3,0,0,0,0,0,0,0
HIGH,D3_CORRIDOR_BLOCK,CONGESTION_AWARE,40,59.795,6.585452,47.65,56.125,59.3,65.05,79.3,0,0,0,0,0,0,0
HIGH,D3_CORRIDOR_BLOCK,HAZARD_AWARE,40,59.76875,6.615054,47.65,56.125,59.3,65.05,79.3,0,0,0,0,0,0,0
HIGH,D3_CORRIDOR_BLOCK,ADAPTIVE_HYBRID,40,59.76875,6.615054,47.65,56.125,59.3,65.05,79.3,0,0,0,0,0,0,0
HIGH,D4_COMBINED,NEAREST_EXIT,40,73.405,8.256014,59.5,67.15,72.6,77.425,93.7,601.347092,48.456017,502.588413,571.330686,602.029941,632.8458,750.950249
HIGH,D4_COMBINED,STATIC_SHORTEST_PATH,40,73.3725,8.125024,59.5,67.15,72.6,77.0625,93.7,596.831466,45.804418,502.588413,566.617472,597.801203,624.438861,740.714058
HIGH,D4_COMBINED,CONGESTION_AWARE,40,73.48625,8.191193,59.5,67.475,72.65,77.4875,93.7,556.380923,44.547729,470.900892,524.690382,563.035885,589.334758,694.486743
HIGH,D4_COMBINED,HAZARD_AWARE,40,116.5025,14.018509,95.4,106.7375,114.225,123.6125,155.2,408.241843,31.140187,338.953199,384.04462,409.293061,429.550069,489.202989
HIGH,D4_COMBINED,ADAPTIVE_HYBRID,40,112.3175,12.729229,95.4,103.5875,109.275,117.2125,155.2,393.312463,26.592778,338.953199,379.165065,395.422673,409.065425,475.087913
HIGH,D5_EXIT_BLOCK_WEST,NEAREST_EXIT,40,71.28875,9.230055,59.1,63.0125,69.625,79.7875,93.3,0,0,0,0,0,0,0
HIGH,D5_EXIT_BLOCK_WEST,STATIC_SHORTEST_PATH,40,71.28875,9.230055,59.1,63.0125,69.625,79.7875,93.3,0,0,0,0,0,0,0
HIGH,D5_EXIT_BLOCK_WEST,CONGESTION_AWARE,40,71.3075,9.293605,58.7,63.2375,69.725,79.7875,93.3,0,0,0,0,0,0,0
HIGH,D5_EXIT_BLOCK_WEST,HAZARD_AWARE,40,71.28875,9.230055,59.1,63.0125,69.625,79.7875,93.3,0,0,0,0,0,0,0
HIGH,D5_EXIT_BLOCK_WEST,ADAPTIVE_HYBRID,40,71.32375,9.262151,58.65,63.3125,69.7,79.8125,93.3,0,0,0,0,0,0,0
HIGH,D6_CORRIDOR_BLOCK_EAST_SOUTHEAST,NEAREST_EXIT,40,58.4875,7.111121,47.8,54.4625,57.425,61.8125,82.2,0,0,0,0,0,0,0
HIGH,D6_CORRIDOR_BLOCK_EAST_SOUTHEAST,STATIC_SHORTEST_PATH,40,58.4875,7.111121,47.8,54.4625,57.425,61.8125,82.2,0,0,0,0,0,0,0
HIGH,D6_CORRIDOR_BLOCK_EAST_SOUTHEAST,CONGESTION_AWARE,40,58.33125,7.155253,47.8,54.1375,57.675,61.9625,82.2,0,0,0,0,0,0,0
HIGH,D6_CORRIDOR_BLOCK_EAST_SOUTHEAST,HAZARD_AWARE,40,58.4875,7.111121,47.8,54.4625,57.425,61.8125,82.2,0,0,0,0,0,0,0
HIGH,D6_CORRIDOR_BLOCK_EAST_SOUTHEAST,ADAPTIVE_HYBRID,40,58.33125,7.155253,47.8,54.1375,57.675,61.9625,82.2,0,0,0,0,0,0,0
